timestamp,TENKAN,KIJUN,senkou_span_a,SENKOU,CHIKOU,close,signal,entry/exit
2020-02-23 06:00:00+00:00,,,,,6766.64,9772.63,0,
2020-02-24 06:00:00+00:00,,,,,6702.97,9554.77,0,0.0
2020-02-25 06:00:00+00:00,,,,,6758.18,9188.85,0,0.0
2020-02-26 06:00:00+00:00,,,,,6372.36,8778.3,0,0.0
2020-02-27 06:00:00+00:00,,,,,6214.81,8786.54,0,0.0
2020-02-28 06:00:00+00:00,,,,,6042.61,8708.89,0,0.0
2020-02-29 06:00:00+00:00,,,,,6406.4,8588.26,0,0.0
2020-03-01 06:00:00+00:00,,,,,6347.48,8655.51,0,0.0
2020-03-02 06:00:00+00:00,,,,,6615.0,8915.0,0,0.0
2020-03-03 06:00:00+00:00,,,,,6794.87,8757.84,0,0.0
2020-03-04 06:00:00+00:00,,,,,6741.99,8937.43,0,0.0
2020-03-05 06:00:00+00:00,,,,,6780.08,9070.17,0,0.0
2020-03-06 06:00:00+00:00,,,,,6957.91,9100.09,0,0.0
2020-03-07 06:00:00+00:00,,,,,7341.56,8734.69,0,0.0
2020-03-08 06:00:00+00:00,,,,,7200.01,7862.57,0,0.0
2020-03-09 05:00:00+00:00,,,,,7370.11,7934.52,0,0.0
2020-03-10 05:00:00+00:00,,,,,7148.5,7894.68,0,0.0
2020-03-11 05:00:00+00:00,,,,,6871.91,7614.42,0,0.0
2020-03-12 05:00:00+00:00,,,,,6831.0,4849.65,0,0.0
2020-03-13 05:00:00+00:00,6944.02,,,,6695.65,5637.6,0,0.0
2020-03-14 05:00:00+00:00,6764.014999999999,,,,6861.21,5238.33,0,0.0
2020-03-15 05:00:00+00:00,6616.700000000001,,,,6900.5,5226.87,0,0.0
2020-03-16 05:00:00+00:00,6569.02,,,,6632.17,5037.61,0,0.0
2020-03-17 05:00:00+00:00,6516.139999999999,,,,7112.64,5331.71,0,0.0
2020-03-18 05:00:00+00:00,6516.139999999999,,,,7037.46,5316.84,0,0.0
2020-03-19 05:00:00+00:00,6516.139999999999,,,,7261.76,6202.83,0,0.0
2020-03-20 05:00:00+00:00,6516.139999999999,,,,7182.98,6206.1,0,0.0
2020-03-21 05:00:00+00:00,6516.139999999999,,,,6838.19,6307.96,0,0.0
2020-03-22 05:00:00+00:00,6516.139999999999,,,,6862.9,5908.79,0,0.0
2020-03-23 05:00:00+00:00,6516.139999999999,,,,7136.01,6455.1,0,0.0
2020-03-24 05:00:00+00:00,6516.139999999999,,,,7488.83,6766.64,0,0.0
2020-03-25 05:00:00+00:00,6514.045,,,,7514.64,6702.97,0,0.0
2020-03-26 05:00:00+00:00,6379.705,,,,7547.61,6758.18,0,0.0
2020-03-27 05:00:00+00:00,6022.535,,,,7742.21,6372.36,0,0.0
2020-03-28 05:00:00+00:00,6008.145,,,,7696.32,6214.81,0,0.0
2020-03-29 05:00:00+00:00,6008.145,,,,7853.57,6042.61,0,0.0
2020-03-30 05:00:00+00:00,5913.745,,,,9168.36,6406.4,0,0.0
2020-03-31 05:00:00+00:00,5424.02,,,,8624.28,6347.48,0,0.0
2020-04-01 05:00:00+00:00,5711.15,,,,8829.42,6615.0,0,0.0
2020-04-02 05:00:00+00:00,5711.15,,,,9115.1,6794.87,0,0.0
2020-04-03 05:00:00+00:00,5741.15,,,,8697.81,6741.99,0,0.0
2020-04-04 05:00:00+00:00,5741.15,,,,9057.32,6780.08,0,0.0
2020-04-05 05:00:00+00:00,6060.5,,,,9009.0,6957.91,0,0.0
2020-04-06 05:00:00+00:00,6317.53,,,,9289.05,7341.56,0,0.0
2020-04-07 05:00:00+00:00,6561.5,,,,10004.77,7200.01,0,0.0
2020-04-08 05:00:00+00:00,6561.5,,,,9836.42,7370.11,0,0.0
2020-04-09 05:00:00+00:00,6572.1,,,,8560.76,7148.5,0,0.0
2020-04-10 05:00:00+00:00,6572.1,,,,8729.86,6871.91,0,0.0
2020-04-11 05:00:00+00:00,6659.5,,,,8572.4,6831.0,0,0.0
2020-04-12 05:00:00+00:00,6659.5,,,,8935.54,6695.65,0,0.0
2020-04-13 05:00:00+00:00,6659.5,,,,9319.87,6861.21,0,0.0
2020-04-14 05:00:00+00:00,6659.5,,,,9438.89,6900.5,0,0.0
2020-04-15 05:00:00+00:00,6659.5,,,,9312.1,6632.17,0,0.0
2020-04-16 05:00:00+00:00,6659.5,,,,9383.16,7112.64,0,0.0
2020-04-17 05:00:00+00:00,6659.5,,,,9865.46,7037.46,0,0.0
2020-04-18 05:00:00+00:00,6754.305,,,,9520.02,7261.76,0,0.0
2020-04-19 05:00:00+00:00,6863.0,,,,9728.73,7182.98,0,0.0
2020-04-20 05:00:00+00:00,6961.0,,,,9473.67,6838.19,0,0.0
2020-04-21 05:00:00+00:00,6961.0,,,,9061.96,6862.9,0,0.0
2020-04-22 05:00:00+00:00,6961.0,6944.02,,,9168.84,7136.01,0,0.0
2020-04-23 05:00:00+00:00,7115.5,6764.014999999999,,,9195.62,7488.83,0,0.0
2020-04-24 05:00:00+00:00,7115.5,6616.700000000001,,,8808.06,7514.64,0,0.0
2020-04-25 05:00:00+00:00,7115.5,6569.02,,,8904.69,7547.61,0,0.0
2020-04-26 05:00:00+00:00,7133.495,6516.139999999999,,,8857.55,7742.21,0,0.0
2020-04-27 05:00:00+00:00,7133.495,6516.139999999999,,,9176.28,7696.32,0,0.0
2020-04-28 05:00:00+00:00,7166.0,6516.139999999999,,,9495.04,7853.57,0,0.0
2020-04-29 05:00:00+00:00,7878.0,6579.02,,,9423.84,9168.36,0,0.0
2020-04-30 05:00:00+00:00,7967.33,6668.35,,,9557.36,8624.28,0,0.0
2020-05-01 05:00:00+00:00,7967.33,6668.35,,,9548.99,8829.42,0,0.0
2020-05-02 05:00:00+00:00,7967.33,6668.35,,,10092.78,9115.1,0,0.0
2020-05-03 05:00:00+00:00,7967.33,6668.35,,,9522.46,8697.81,0,0.0
2020-05-04 05:00:00+00:00,7967.33,6668.35,,,9668.07,9057.32,0,0.0
2020-05-05 05:00:00+00:00,8055.389999999999,6668.35,,,9783.71,9009.0,0,0.0
2020-05-06 05:00:00+00:00,8113.6900000000005,6668.35,,,9613.21,9289.05,0,0.0
2020-05-07 05:00:00+00:00,8413.86,6968.52,,,9677.1,10004.77,0,0.0
2020-05-08 05:00:00+00:00,8413.86,6968.52,,,9738.01,9836.42,0,0.0
2020-05-09 05:00:00+00:00,8413.86,6968.52,,,9679.36,8560.76,0,0.0
2020-05-10 05:00:00+00:00,8452.5,6968.52,,,9779.41,8729.86,0,0.0
2020-05-11 05:00:00+00:00,8555.07,7255.65,,,9898.01,8572.4,0,0.0
2020-05-12 05:00:00+00:00,8555.07,7255.65,,,9268.16,8935.54,0,0.0
2020-05-13 05:00:00+00:00,8734.5,7255.65,,,9464.17,9319.87,0,0.0
2020-05-14 05:00:00+00:00,8784.22,7255.65,,,9475.0,9438.89,0,0.0
2020-05-15 05:00:00+00:00,8869.0,7575.0,,,9179.64,9312.1,0,0.0
2020-05-16 05:00:00+00:00,8875.5,7670.344999999999,,,9427.86,9383.16,0,0.0
2020-05-17 05:00:00+00:00,8899.5,7868.0,,,9457.28,9865.46,0,0.0
2020-05-18 05:00:00+00:00,9092.85,7868.0,,,9401.93,9520.02,0,0.0
2020-05-19 05:00:00+00:00,9092.85,7878.6,,,9294.53,9728.73,0,0.0
2020-05-20 05:00:00+00:00,9092.85,7878.6,,,9301.91,9473.67,0,0.0
2020-05-21 05:00:00+00:00,9092.85,7966.0,,,9355.74,9061.96,0,0.0
2020-05-22 05:00:00+00:00,9092.85,7966.0,,,9399.61,9168.84,0,0.0
2020-05-23 05:00:00+00:00,9092.85,7966.0,,,9690.74,9195.62,0,0.0
2020-05-24 05:00:00+00:00,9092.85,7966.0,,,9650.01,8808.06,0,0.0
2020-05-25 05:00:00+00:00,9092.85,7966.0,,,9103.69,8904.69,0,0.0
2020-05-26 05:00:00+00:00,9092.85,7966.0,,,9246.95,8857.55,0,0.0
2020-05-27 05:00:00+00:00,9031.975,7966.0,,,9155.42,9176.28,0,0.0
2020-05-28 05:00:00+00:00,9031.975,8060.805,,,8960.4,9495.04,0,0.0
2020-05-29 05:00:00+00:00,9071.125,8169.5,,,9105.02,9423.84,0,0.0
2020-05-30 05:00:00+00:00,9071.125,8267.5,,,9156.44,9557.36,0,0.0
2020-05-31 05:00:00+00:00,9295.09,8267.5,,,9149.53,9548.99,0,0.0
2020-06-01 05:00:00+00:00,9435.265,8346.8,,,9239.43,10092.78,0,0.0
2020-06-02 05:00:00+00:00,9435.265,8346.8,,,9093.86,9522.46,0,0.0
2020-06-03 05:00:00+00:00,9435.265,8346.8,,,9063.87,9668.07,0,0.0
2020-06-04 05:00:00+00:00,9435.265,8346.8,,,9125.65,9783.71,0,0.0
2020-06-05 05:00:00+00:00,9435.265,8346.8,,,9093.54,9613.21,0,0.0
2020-06-06 05:00:00+00:00,9435.265,8346.8,,,9280.01,9677.1,0,0.0
2020-06-07 05:00:00+00:00,9435.265,8346.8,,,9264.66,9738.01,0,0.0
2020-06-08 05:00:00+00:00,9435.265,8346.8,,,9385.63,9679.36,0,0.0
2020-06-09 05:00:00+00:00,9435.265,8346.8,,,9236.95,9779.41,0,0.0
2020-06-10 05:00:00+00:00,9435.265,8346.8,,,9291.05,9898.01,0,0.0
2020-06-11 05:00:00+00:00,9435.265,8346.8,,,9235.0,9268.16,0,0.0
2020-06-12 05:00:00+00:00,9435.265,8346.8,,,9266.26,9464.17,0,0.0
2020-06-13 05:00:00+00:00,9524.529999999999,8346.8,,,9185.03,9475.0,0,0.0
2020-06-14 05:00:00+00:00,9524.529999999999,8434.86,,,9241.51,9179.64,0,0.0
2020-06-15 05:00:00+00:00,9566.305,8493.16,,,9197.0,9427.86,0,0.0
2020-06-16 05:00:00+00:00,9566.305,8493.16,,,9110.27,9457.28,0,0.0
2020-06-17 05:00:00+00:00,9566.305,8493.16,,,9154.29,9401.93,0,0.0
2020-06-18 05:00:00+00:00,9566.305,8493.16,,,9175.85,9294.53,0,0.0
2020-06-19 05:00:00+00:00,9566.305,8531.8,,,9179.3,9301.91,0,0.0
2020-06-20 05:00:00+00:00,9566.305,8634.37,,,9177.04,9355.74,0,0.0
2020-06-21 05:00:00+00:00,9540.310000000001,8634.37,6952.51,,9352.26,9399.61,1,1.0
2020-06-22 05:00:00+00:00,9434.130000000001,8813.8,6939.7575,,9513.87,9690.74,1,0.0
2020-06-23 05:00:00+00:00,9434.130000000001,8863.52,6866.1,,9613.24,9650.01,1,0.0
2020-06-24 05:00:00+00:00,9434.130000000001,8948.3,6842.26,,9551.21,9103.69,1,0.0
2020-06-25 05:00:00+00:00,9434.130000000001,8954.8,6824.817499999999,,9677.84,9246.95,1,0.0
2020-06-26 05:00:00+00:00,9434.130000000001,8978.8,6824.817499999999,,10218.24,9155.42,1,0.0
2020-06-27 05:00:00+00:00,9434.130000000001,9172.15,6841.07,,11048.91,8960.4,1,0.0
2020-06-28 05:00:00+00:00,9434.130000000001,9172.15,7228.51,,10934.23,9105.02,1,0.0
2020-06-29 05:00:00+00:00,9434.130000000001,9172.15,7317.84,,11110.12,9156.44,1,0.0
2020-06-30 05:00:00+00:00,9396.51,9172.15,7317.84,,11067.62,9149.53,1,0.0
2020-07-01 05:00:00+00:00,9343.505000000001,9172.15,7317.84,,11351.62,9239.43,1,0.0
2020-07-02 05:00:00+00:00,9343.505000000001,9172.15,7317.84,,11181.02,9093.86,1,0.0
2020-07-03 05:00:00+00:00,9343.505000000001,9172.15,7317.84,,11068.54,9063.87,1,0.0
2020-07-04 05:00:00+00:00,9343.505000000001,9172.15,7361.87,,11319.07,9125.65,1,0.0
2020-07-05 05:00:00+00:00,9361.885,9172.15,7391.02,,11253.61,9093.54,1,0.0
2020-07-06 05:00:00+00:00,9361.885,9172.15,7691.1900000000005,,11756.75,9280.01,1,0.0
2020-07-07 05:00:00+00:00,9361.885,9172.15,7691.1900000000005,,11823.86,9264.66,1,0.0
2020-07-08 05:00:00+00:00,9361.885,9211.3,7691.1900000000005,,11606.52,9385.63,1,0.0
2020-07-09 05:00:00+00:00,9361.885,9211.3,7710.51,,11700.03,9236.95,1,0.0
2020-07-10 05:00:00+00:00,9361.885,9435.265,7905.36,,12000.0,9291.05,0,-1.0
2020-07-11 05:00:00+00:00,9361.885,9435.265,7905.36,,11830.96,9235.0,0,0.0
2020-07-12 05:00:00+00:00,9297.305,9435.265,7995.075,,11307.77,9266.26,0,0.0
2020-07-13 05:00:00+00:00,9189.195,9435.265,8019.9349999999995,,11555.83,9185.03,0,0.0
2020-07-14 05:00:00+00:00,9189.195,9435.265,8222.0,,11795.95,9241.51,0,0.0
2020-07-15 05:00:00+00:00,9189.195,9435.265,8272.9225,,11779.0,9197.0,0,0.0
2020-07-16 05:00:00+00:00,9189.195,9435.265,8383.75,,11900.68,9110.27,0,0.0
2020-07-17 05:00:00+00:00,9241.68,9435.265,8480.425,,11813.02,9154.29,0,0.0
2020-07-18 05:00:00+00:00,9241.68,9435.265,8485.725,,12253.11,9175.85,0,0.0
2020-07-19 05:00:00+00:00,9241.68,9435.265,8485.725,,11763.71,9179.3,0,0.0
2020-07-20 05:00:00+00:00,9241.68,9435.265,8529.425,,11758.87,9177.04,0,0.0
2020-07-21 05:00:00+00:00,9241.68,9435.265,8529.425,,11871.94,9352.26,0,0.0
2020-07-22 05:00:00+00:00,9293.34,9435.265,8529.425,,11529.22,9513.87,0,0.0
2020-07-23 05:00:00+00:00,9370.494999999999,9524.529999999999,8529.425,,11609.35,9613.24,0,0.0
2020-07-24 05:00:00+00:00,9370.494999999999,9524.529999999999,8529.425,,11679.94,9551.21,0,0.0
2020-07-25 05:00:00+00:00,9384.119999999999,9566.305,8529.425,,11682.61,9677.84,0,0.0
2020-07-26 05:00:00+00:00,9693.994999999999,9614.005000000001,8498.9875,,11324.92,10218.24,1,1.0
2020-07-27 05:00:00+00:00,10237.494999999999,10157.505000000001,8546.39,,11370.01,11048.91,1,0.0
2020-07-28 05:00:00+00:00,10237.494999999999,10157.505000000001,8620.3125,,11330.06,10934.23,1,0.0
2020-07-29 05:00:00+00:00,10237.494999999999,10157.505000000001,8669.3125,,11535.0,11110.12,1,0.0
2020-07-30 05:00:00+00:00,10237.494999999999,10157.505000000001,8781.295,,11585.32,11067.62,1,0.0
2020-07-31 05:00:00+00:00,10257.494999999999,10177.505000000001,8891.0325,,11663.57,11351.62,1,0.0
2020-08-01 05:00:00+00:00,10594.64,10514.650000000001,8891.0325,,11699.48,11181.02,1,0.0
2020-08-02 05:00:00+00:00,10594.64,10514.650000000001,8891.0325,,11872.62,11068.54,1,0.0
2020-08-03 05:00:00+00:00,10594.64,10514.650000000001,8891.0325,,11292.89,11319.07,1,0.0
2020-08-04 05:00:00+00:00,10594.64,10514.650000000001,8891.0325,,10172.52,11253.61,1,0.0
2020-08-05 05:00:00+00:00,10594.64,10514.650000000001,8891.0325,,10419.14,11756.75,1,0.0
2020-08-06 05:00:00+00:00,10630.6,10514.650000000001,8891.0325,,10168.36,11823.86,1,0.0
2020-08-07 05:00:00+00:00,10645.665,10514.650000000001,8891.0325,,10171.8,11606.52,1,0.0
2020-08-08 05:00:00+00:00,10645.665,10514.650000000001,8891.0325,,10271.99,11700.03,1,0.0
2020-08-09 05:00:00+00:00,10742.545,10514.650000000001,8891.0325,,10125.69,12000.0,1,0.0
2020-08-10 05:00:00+00:00,10792.165,10514.650000000001,8891.0325,,10224.56,11830.96,1,0.0
2020-08-11 05:00:00+00:00,10792.165,10514.650000000001,8891.0325,,10343.23,11307.77,1,0.0
2020-08-12 05:00:00+00:00,10804.995,10514.650000000001,8935.664999999999,,10363.76,11555.83,1,0.0
2020-08-13 05:00:00+00:00,10897.82,10514.650000000001,8979.695,,10446.52,11795.95,1,0.0
2020-08-14 05:00:00+00:00,11034.645,10533.03,9029.7325,,10349.29,11779.0,1,0.0
2020-08-15 05:00:00+00:00,11131.995,10533.03,9029.7325,,10733.89,11900.68,1,0.0
2020-08-16 05:00:00+00:00,11340.220000000001,10533.03,9029.7325,,10783.75,11813.02,1,0.0
2020-08-17 05:00:00+00:00,11473.075,10665.885,9029.7325,,10910.44,12253.11,1,0.0
2020-08-18 05:00:00+00:00,11473.075,10665.885,9049.0525,,10906.1,11763.71,1,0.0
2020-08-19 05:00:00+00:00,11473.075,10665.885,9100.337500000001,,10937.52,11758.87,1,0.0
2020-08-20 05:00:00+00:00,11473.075,10665.885,9087.34,7047.82,10969.32,11871.94,1,0.0
2020-08-21 05:00:00+00:00,11665.904999999999,10665.885,9123.965,7047.82,10960.12,11529.22,1,0.0
2020-08-22 05:00:00+00:00,11736.85,10665.885,9148.825,7047.82,10416.82,11609.35,1,0.0
2020-08-23 05:00:00+00:00,11736.85,10665.885,9191.215,7047.82,10531.13,11679.94,1,0.0
2020-08-24 05:00:00+00:00,11810.119999999999,10665.885,9194.465,7047.82,10278.41,11682.61,1,0.0
2020-08-25 05:00:00+00:00,11751.365,10665.885,9206.465,7047.82,10675.81,11324.92,1,0.0
2020-08-26 05:00:00+00:00,11751.365,10718.369999999999,9303.14,7047.82,10690.53,11370.01,1,0.0
2020-08-27 05:00:00+00:00,11751.365,10718.369999999999,9303.14,7047.82,10788.0,11330.06,1,0.0
2020-08-28 05:00:00+00:00,11751.365,10718.369999999999,9303.14,7047.82,10896.85,11535.0,1,0.0
2020-08-29 05:00:00+00:00,11751.365,10718.369999999999,9284.33,7047.82,10695.55,11585.32,1,0.0
2020-08-30 05:00:00+00:00,11751.365,10718.369999999999,9257.8275,7047.82,10748.95,11663.57,1,0.0
2020-08-31 05:00:00+00:00,11751.365,10718.369999999999,9257.8275,7047.82,10806.01,11699.48,1,0.0
2020-09-01 05:00:00+00:00,11751.365,10727.494999999999,9257.8275,7047.82,10617.63,11872.62,1,0.0
2020-09-02 05:00:00+00:00,11751.365,10727.494999999999,9257.8275,7047.82,10573.12,11292.89,1,0.0
2020-09-03 05:00:00+00:00,11202.5,10727.494999999999,9267.0175,7047.82,10570.74,10172.52,1,0.0
2020-09-04 05:00:00+00:00,11202.5,10727.494999999999,9267.0175,7047.82,10671.11,10419.14,1,0.0
2020-09-05 05:00:00+00:00,11115.66,10727.494999999999,9267.0175,7047.82,10769.19,10168.36,1,0.0
2020-09-06 05:00:00+00:00,10928.075,10727.494999999999,9286.592499999999,7047.82,10602.66,10171.8,1,0.0
2020-09-07 05:00:00+00:00,10890.66,10727.494999999999,9286.592499999999,7047.82,10634.01,10271.99,1,0.0
2020-09-08 05:00:00+00:00,10884.915,10727.494999999999,9398.575,7334.950000000001,10933.09,10125.69,1,0.0
2020-09-09 05:00:00+00:00,10884.915,10727.494999999999,9398.575,7334.950000000001,11057.07,10224.56,1,0.0
2020-09-10 05:00:00+00:00,10884.915,10727.494999999999,9366.285,7334.950000000001,11299.5,10343.23,1,0.0
2020-09-11 05:00:00+00:00,10884.915,10727.494999999999,9312.23,7334.950000000001,11386.26,10363.76,1,0.0
2020-09-12 05:00:00+00:00,10884.915,10727.494999999999,9312.23,7654.3,11483.54,10446.52,1,0.0
2020-09-13 05:00:00+00:00,10884.915,10727.494999999999,9312.23,7749.645,11396.64,10349.29,1,0.0
2020-09-14 05:00:00+00:00,10884.915,10727.494999999999,9312.23,7947.3,11399.32,10733.89,1,0.0
2020-09-15 05:00:00+00:00,10884.915,10763.455,9338.4725,7947.3,11509.34,10783.75,1,0.0
2020-09-16 05:00:00+00:00,10884.915,10778.52,9338.4725,7957.9,11328.95,10910.44,1,0.0
2020-09-17 05:00:00+00:00,10884.915,10778.52,9338.4725,7957.9,11367.89,10906.1,1,0.0
2020-09-18 05:00:00+00:00,10884.915,10875.4,9338.4725,8045.3,11445.49,10937.52,1,0.0
2020-09-19 05:00:00+00:00,10884.915,10925.02,9338.4725,8045.3,11728.52,10969.32,0,-1.0
2020-09-20 05:00:00+00:00,10884.915,10925.02,9364.3025,8045.3,12289.75,10960.12,0,0.0
2020-09-21 05:00:00+00:00,10647.41,10937.85,9447.512499999999,8045.3,12762.58,10416.82,0,0.0
2020-09-22 05:00:00+00:00,10647.41,11030.675,9447.512499999999,8045.3,12987.02,10531.13,0,0.0
2020-09-23 05:00:00+00:00,10450.6,11109.915,9475.2125,8045.3,12937.09,10278.41,0,0.0
2020-09-24 05:00:00+00:00,10450.6,11109.915,9654.0,8093.0,13321.5,10675.81,0,0.0
2020-09-25 05:00:00+00:00,10450.6,11109.915,10197.5,8731.305,13120.01,10690.53,0,0.0
2020-09-26 05:00:00+00:00,10450.6,11109.915,10197.5,8840.0,13134.99,10788.0,0,0.0
2020-09-27 05:00:00+00:00,10450.6,11109.915,10197.5,8938.0,13756.03,10896.85,0,0.0
2020-09-28 05:00:00+00:00,10571.130000000001,11109.915,10197.5,8938.0,13243.94,10695.55,0,0.0
2020-09-29 05:00:00+00:00,10630.685000000001,11109.915,10217.5,8958.0,13435.46,10748.95,0,0.0
2020-09-30 05:00:00+00:00,10630.685000000001,11109.915,10554.645,9295.145,13571.51,10806.01,0,0.0
2020-10-01 05:00:00+00:00,10630.685000000001,11109.915,10554.645,9295.145,13804.81,10617.63,0,0.0
2020-10-02 05:00:00+00:00,10630.685000000001,11109.915,10554.645,9295.145,13700.62,10573.12,0,0.0
2020-10-03 05:00:00+00:00,10630.685000000001,11109.915,10554.645,9295.145,13374.56,10570.74,0,0.0
2020-10-04 05:00:00+00:00,10630.685000000001,11109.915,10554.645,9295.145,13804.32,10671.11,0,0.0
2020-10-05 05:00:00+00:00,10630.685000000001,11109.915,10572.625,9295.145,14330.88,10769.19,0,0.0
2020-10-06 05:00:00+00:00,10630.685000000001,11109.915,10580.157500000001,9295.145,15608.21,10602.66,0,0.0
2020-10-07 05:00:00+00:00,10630.685000000001,11109.915,10580.157500000001,9295.145,15579.9,10634.01,0,0.0
2020-10-08 05:00:00+00:00,10630.685000000001,11109.915,10628.5975,9295.145,14834.09,10933.09,0,0.0
2020-10-09 05:00:00+00:00,10645.555,11109.915,10653.407500000001,9295.145,15484.52,11057.07,0,0.0
2020-10-10 05:00:00+00:00,10801.57,11109.915,10653.407500000001,9295.145,15342.25,11299.5,0,0.0
2020-10-11 05:00:00+00:00,10807.849999999999,11109.915,10659.822500000002,9295.145,15315.03,11386.26,0,0.0
2020-10-12 05:00:00+00:00,10871.404999999999,11109.915,10706.235,9383.205,15763.99,11483.54,0,0.0
2020-10-13 05:00:00+00:00,10957.005000000001,11109.915,10783.837500000001,9441.505000000001,16310.81,11396.64,0,0.0
2020-10-14 05:00:00+00:00,10957.005000000001,11109.915,10832.5125,9441.505000000001,16180.01,11399.32,0,0.0
2020-10-15 05:00:00+00:00,11002.57,11109.915,10936.625,9441.505000000001,16082.01,11509.34,0,0.0
2020-10-16 05:00:00+00:00,11002.57,10922.33,11069.48,9574.36,16125.97,11328.95,1,1.0
2020-10-17 05:00:00+00:00,11002.57,10884.915,11069.48,9613.0,16634.0,11367.89,1,0.0
2020-10-18 05:00:00+00:00,11002.57,10884.915,11069.48,9715.57,17639.68,11445.49,1,0.0
2020-10-19 05:00:00+00:00,11066.875,10884.915,11069.48,9715.57,17782.91,11728.52,1,0.0
2020-10-20 05:00:00+00:00,11343.29,11071.325,11165.895,9895.0,17821.58,12289.75,1,0.0
2020-10-21 05:00:00+00:00,11661.355,11389.39,11201.3675,9944.72,18672.97,12762.58,1,0.0
2020-10-22 05:00:00+00:00,11860.935000000001,11509.915,11201.3675,10029.5,18526.4,12987.02,1,0.0
2020-10-23 05:00:00+00:00,11862.0,11509.915,11238.002499999999,10036.0,18462.33,12937.09,1,0.0
2020-10-24 05:00:00+00:00,11942.5,11590.415,11208.625,10060.0,18350.13,13321.5,1,0.0
2020-10-25 05:00:00+00:00,11942.5,11590.415,11234.8675,10253.35,19172.84,13120.01,1,0.0
2020-10-26 05:00:00+00:00,11946.555,11590.415,11234.8675,10253.35,17929.59,13134.99,1,0.0
2020-10-27 05:00:00+00:00,12197.990000000002,11841.85,11234.8675,10253.35,17170.0,13756.03,1,0.0
2020-10-28 05:00:00+00:00,12349.18,11841.85,11234.8675,10253.35,17153.95,13243.94,1,0.0
2020-10-29 05:00:00+00:00,12539.69,11841.85,11234.8675,10253.35,17739.85,13435.46,1,0.0
2020-10-30 05:00:00+00:00,12539.69,11841.85,11234.8675,10253.35,18539.96,13571.51,1,0.0
2020-10-31 05:00:00+00:00,12657.215,11959.375,11239.43,10253.35,19490.88,13804.81,1,0.0
2020-11-01 05:00:00+00:00,12657.215,11959.375,11239.43,10253.35,18782.97,13700.62,1,0.0
2020-11-02 06:00:00+00:00,12657.215,11959.375,10964.9975,10253.35,18929.44,13374.56,1,0.0
2020-11-03 06:00:00+00:00,12657.215,11959.375,10964.9975,10253.35,19214.37,13804.32,1,0.0
2020-11-04 06:00:00+00:00,12802.755000000001,12104.915,10921.5775,10253.35,18658.1,14330.88,1,0.0
2020-11-05 06:00:00+00:00,13519.875,12797.415,10827.785,10292.5,19164.97,15608.21,1,0.0
2020-11-06 06:00:00+00:00,13597.64,12799.535,10809.0775,10292.5,19375.6,15579.9,1,0.0
2020-11-07 06:00:00+00:00,13732.119999999999,12920.064999999999,10806.205,10516.465,19177.71,14834.09,1,0.0
2020-11-08 06:00:00+00:00,13839.625,12979.619999999999,10806.205,10516.465,18206.88,15484.52,1,0.0
2020-11-09 06:00:00+00:00,14277.46,13018.45,10806.205,10516.465,18372.25,15342.25,1,0.0
2020-11-10 06:00:00+00:00,14278.45,13018.45,10806.205,10516.465,17893.77,15315.03,1,0.0
2020-11-11 06:00:00+00:00,14289.81,13018.45,10806.205,10516.465,18042.15,15763.99,1,0.0
2020-11-12 06:00:00+00:00,14677.2,13275.445,10806.205,10516.465,18861.16,16310.81,1,0.0
2020-11-13 06:00:00+00:00,14677.2,13275.445,10806.205,10516.465,19166.65,16180.01,1,0.0
2020-11-14 06:00:00+00:00,14716.085,13275.445,10824.185000000001,10516.465,19138.66,16082.01,1,0.0
2020-11-15 06:00:00+00:00,14751.099999999999,13275.445,10831.7175,10516.465,19380.01,16125.97,1,0.0
2020-11-16 06:00:00+00:00,14987.654999999999,13512.0,10831.7175,10516.465,22295.76,16634.0,1,0.0
2020-11-17 06:00:00+00:00,15809.654999999999,14334.0,10880.157500000001,10516.465,22826.48,17639.68,1,0.0
2020-11-18 06:00:00+00:00,15809.654999999999,14334.0,10904.9675,10516.465,22989.49,17782.91,1,0.0
2020-11-19 06:00:00+00:00,15901.575,14334.0,10904.9675,10516.465,23849.99,17821.58,1,0.0
2020-11-20 06:00:00+00:00,16147.575,14586.279999999999,10792.630000000001,10605.73,23913.91,18672.97,1,0.0
2020-11-21 06:00:00+00:00,16147.575,14586.279999999999,10839.0425,10605.73,22685.35,18526.4,1,0.0
2020-11-22 06:00:00+00:00,16341.0,14671.880000000001,10780.2575,10647.505000000001,23823.27,18462.33,1,0.0
2020-11-23 06:00:00+00:00,16547.5,14671.880000000001,10780.2575,10647.505000000001,23228.35,18350.13,1,0.0
2020-11-24 06:00:00+00:00,16879.425,14916.380000000001,10780.2575,10647.505000000001,23593.01,19172.84,1,0.0
2020-11-25 06:00:00+00:00,16889.5,14916.380000000001,10780.2575,10647.505000000001,24705.29,17929.59,1,0.0
2020-11-26 06:00:00+00:00,16889.5,14916.380000000001,10780.2575,10647.505000000001,26879.01,17170.0,1,0.0
2020-11-27 06:00:00+00:00,17143.07,14916.380000000001,10840.522500000001,10647.505000000001,26258.65,17153.95,1,0.0
2020-11-28 06:00:00+00:00,17143.07,14916.380000000001,10870.300000000001,10647.505000000001,26407.17,17739.85,1,0.0
2020-11-29 06:00:00+00:00,17279.54,14916.380000000001,10870.300000000001,10647.505000000001,28007.56,18539.96,1,0.0
2020-11-30 06:00:00+00:00,17586.91,15045.380000000001,10870.300000000001,10647.505000000001,28988.0,19490.88,1,0.0
2020-12-01 06:00:00+00:00,17769.495,15218.505000000001,10870.300000000001,10647.505000000001,29240.79,18782.97,1,0.0
2020-12-02 06:00:00+00:00,17811.69,15219.57,10870.300000000001,10647.505000000001,29683.03,18929.44,1,0.0
2020-12-03 06:00:00+00:00,17811.69,15219.57,10870.300000000001,10647.505000000001,33779.48,19214.37,1,0.0
2020-12-04 06:00:00+00:00,17897.07,15219.57,10870.300000000001,10647.505000000001,32903.87,18658.1,1,0.0
2020-12-05 06:00:00+00:00,18057.57,15223.625,10870.300000000001,10647.505000000001,30460.19,19164.97,1,0.0
2020-12-06 06:00:00+00:00,18057.57,15223.625,10870.300000000001,10647.505000000001,35130.05,19375.6,1,0.0
2020-12-07 06:00:00+00:00,18057.57,15374.814999999999,10870.300000000001,10647.505000000001,37505.58,19177.71,1,0.0
2020-12-08 06:00:00+00:00,18057.57,15565.325,10877.735,10647.505000000001,38000.87,18206.88,1,0.0
2020-12-09 06:00:00+00:00,18057.57,15565.325,10955.7425,10647.505000000001,40665.15,18372.25,1,0.0
2020-12-10 06:00:00+00:00,18057.57,15565.325,10958.8825,10647.505000000001,40571.12,17893.77,1,0.0
2020-12-11 06:00:00+00:00,18057.57,15565.325,10990.66,10647.505000000001,34847.17,18042.15,1,0.0
2020-12-12 06:00:00+00:00,18057.57,15565.325,11033.460000000001,10665.885,35461.96,18861.16,1,0.0
2020-12-13 06:00:00+00:00,18057.57,15565.325,11033.460000000001,10665.885,34038.98,19166.65,1,0.0
2020-12-14 06:00:00+00:00,18057.57,15565.325,11056.2425,10665.885,37546.15,19138.66,1,0.0
2020-12-15 06:00:00+00:00,18057.57,15589.945,10962.45,10665.885,37800.01,19380.01,1,0.0
2020-12-16 06:00:00+00:00,19361.48,16869.5,10943.7425,10665.885,36754.67,22295.76,1,0.0
2020-12-17 06:00:00+00:00,20328.47,17730.97,10943.7425,10665.885,36006.94,22826.48,1,0.0
2020-12-18 06:00:00+00:00,20678.47,17838.475,10975.895,10665.885,35334.39,22989.49,1,0.0
2020-12-19 06:00:00+00:00,20890.0,18449.010000000002,11207.3075,10665.885,36297.36,23849.99,1,0.0
2020-12-20 06:00:00+00:00,20890.0,18450.0,11525.3725,10945.36,35504.84,23913.91,1,0.0
2020-12-21 06:00:00+00:00,20890.0,18461.36,11685.425000000001,11065.885,34563.12,22685.35,1,0.0
2020-12-22 06:00:00+00:00,20890.0,18591.755,11685.9575,11065.885,30855.95,23823.27,1,0.0
2020-12-23 06:00:00+00:00,20890.0,18591.755,11766.4575,11146.385,32984.93,23228.35,1,0.0
2020-12-24 06:00:00+00:00,20890.0,18630.64,11766.4575,11198.869999999999,32865.87,23593.01,1,0.0
2020-12-25 06:00:00+00:00,21290.0,19065.655,11768.485,11198.869999999999,33356.55,24705.29,1,0.0
2020-12-26 06:00:00+00:00,22265.0,20040.655,12019.920000000002,11450.305,32090.1,26879.01,1,0.0
2020-12-27 06:00:00+00:00,22983.5,20759.155,12095.515,11450.305,31551.72,26258.65,1,0.0
2020-12-28 06:00:00+00:00,22983.5,20759.155,12190.77,11450.305,30407.13,26407.17,1,0.0
2020-12-29 06:00:00+00:00,22983.5,20851.075,12190.77,11450.305,33052.81,28007.56,1,0.0
2020-12-30 06:00:00+00:00,23450.95,21318.525,12308.295,11576.955,34262.11,28988.0,1,0.0
2020-12-31 06:00:00+00:00,24137.5,21430.075,12308.295,11576.955,34315.63,29240.79,1,0.0
2021-01-01 06:00:00+00:00,24272.325,21692.75,12308.295,11576.955,33800.0,29683.03,1,0.0
2021-01-02 06:00:00+00:00,26628.135000000002,24160.0,12308.295,11576.955,34022.03,33779.48,1,0.0
2021-01-03 06:00:00+00:00,26752.5,24247.425,12453.835000000001,11722.494999999999,36524.72,32903.87,1,0.0
2021-01-04 06:00:00+00:00,27728.504999999997,24257.5,13158.645,12414.994999999999,37632.75,30460.19,1,0.0
2021-01-05 06:00:00+00:00,28953.089999999997,25079.495,13198.5875,12417.115,36975.0,35130.05,1,0.0
2021-01-06 06:00:00+00:00,30101.525,26320.07,13326.092499999999,12417.115,39056.37,37505.58,1,0.0
2021-01-07 06:00:00+00:00,31065.025,27283.57,13409.6225,12417.115,39265.43,38000.87,1,0.0
2021-01-08 06:00:00+00:00,32183.21,28538.225000000002,13647.955,12455.945,38701.98,40665.15,1,0.0
2021-01-09 06:00:00+00:00,32183.21,28716.595,13648.45,12455.945,46448.1,40571.12,1,0.0
2021-01-10 06:00:00+00:00,32183.21,28805.11,13654.130000000001,12455.945,46514.73,34847.17,1,0.0
2021-01-11 06:00:00+00:00,32293.185,28847.305,13976.3225,12712.939999999999,44850.0,35461.96,1,0.0
2021-01-12 06:00:00+00:00,32701.185,28847.305,13976.3225,12712.939999999999,47300.88,34038.98,1,0.0
2021-01-13 06:00:00+00:00,33238.19,28932.685,13995.765,12748.9,47408.34,37546.15,1,0.0
2021-01-14 06:00:00+00:00,33886.21,29093.185,14013.2725,12763.965,47232.45,37800.01,1,0.0
2021-01-15 06:00:00+00:00,33886.21,29093.185,14249.8275,13000.52,46785.73,36754.67,1,0.0
2021-01-16 06:00:00+00:00,33910.05,29093.185,15071.8275,13919.4,49163.27,36006.94,1,0.0
2021-01-17 06:00:00+00:00,34676.355,29093.185,15071.8275,13969.02,49737.0,35334.39,1,0.0
2021-01-18 06:00:00+00:00,35083.71,29093.185,15117.7875,13969.02,52170.01,36297.36,1,0.0
2021-01-19 06:00:00+00:00,35369.095,29093.185,15366.9275,14227.85,51491.52,35504.84,1,0.0
2021-01-20 06:00:00+00:00,35512.685,29093.185,15366.9275,14320.675,55714.44,34563.12,1,0.0
2021-01-21 06:00:00+00:00,35998.685,29093.185,15506.44,14399.915,55923.52,30855.95,1,0.0
2021-01-22 06:00:00+00:00,35998.685,29093.185,15609.69,14399.915,55899.97,32984.93,1,0.0
2021-01-23 06:00:00+00:00,35998.685,29093.185,15897.9025,14644.415,49975.25,32865.87,1,0.0
2021-01-24 06:00:00+00:00,35998.685,29093.185,15902.94,14644.415,48899.99,33356.55,1,0.0
2021-01-25 06:00:00+00:00,35998.685,29193.185,15902.94,14644.415,49737.82,32090.1,1,0.0
2021-01-26 06:00:00+00:00,35998.685,29433.185,16029.725,14644.415,45527.11,31551.72,1,0.0
2021-01-27 06:00:00+00:00,35593.185,29783.185,16029.725,14644.415,46326.2,30407.13,1,0.0
2021-01-28 06:00:00+00:00,35326.06,29783.185,16097.960000000001,14644.415,44804.85,33052.81,1,0.0
2021-01-29 06:00:00+00:00,34448.5,29783.185,16316.145,14773.415,45231.75,34262.11,1,0.0
2021-01-30 06:00:00+00:00,34448.5,29783.185,16494.0,14867.485,49639.4,34315.63,1,0.0
2021-01-31 06:00:00+00:00,34448.5,29783.185,16515.629999999997,14867.485,48511.6,33800.0,1,0.0
2021-02-01 06:00:00+00:00,34448.5,29783.185,16515.629999999997,14867.485,50360.0,34022.03,1,0.0
2021-02-02 06:00:00+00:00,34448.5,29783.185,16558.32,14867.485,47229.98,36524.72,1,0.0
2021-02-03 06:00:00+00:00,33970.0,29783.185,16640.5975,14867.485,48481.65,37632.75,1,0.0
2021-02-04 06:00:00+00:00,33984.5,29783.185,16640.5975,14867.485,49366.61,36975.0,1,0.0
2021-02-05 06:00:00+00:00,34441.005000000005,29783.185,16716.192499999997,14867.485,50815.72,39056.37,1,0.0
2021-02-06 06:00:00+00:00,35100.0,29783.185,16811.447500000002,14867.485,54288.08,39265.43,1,0.0
2021-02-07 06:00:00+00:00,35100.0,29783.185,16811.447500000002,14867.485,53674.27,38701.98,1,0.0
2021-02-08 06:00:00+00:00,37975.0,32165.0,16811.447500000002,14867.485,55890.69,46448.1,1,0.0
2021-02-09 06:00:00+00:00,38700.0,33465.0,16811.447500000002,14867.485,57160.98,46514.73,1,0.0
2021-02-10 06:00:00+00:00,38700.0,33530.575,16811.447500000002,14867.485,56731.11,44850.0,1,0.0
2021-02-11 06:00:00+00:00,39056.0,33981.635,16811.447500000002,14867.485,61178.5,47300.88,1,0.0
2021-02-12 06:00:00+00:00,39056.0,34106.0,16811.447500000002,14867.485,59754.48,47408.34,1,0.0
2021-02-13 06:00:00+00:00,39056.0,35082.005,16823.7575,14867.485,55636.15,47232.45,1,0.0
2021-02-14 06:00:00+00:00,39146.72,35575.315,18115.489999999998,16071.395,55587.32,46785.73,1,0.0
2021-02-15 06:00:00+00:00,39550.0,36140.025,19029.72,16798.385,58925.54,49163.27,1,0.0
2021-02-16 06:00:00+00:00,41099.5,36294.525,19258.4725,16798.385,57887.82,49737.0,1,0.0
2021-02-17 06:00:00+00:00,42315.175,37510.2,19669.505,17009.915,58039.66,52170.01,1,0.0
2021-02-18 06:00:00+00:00,42486.675,37510.2,19670.0,17009.915,56921.67,51491.52,1,0.0
2021-02-19 06:00:00+00:00,44464.5,39488.025,19675.68,17009.915,57610.01,55714.44,1,0.0
2021-02-20 06:00:00+00:00,45506.785,40081.785,19740.877500000002,17009.915,54461.43,55923.52,1,0.0
2021-02-21 06:00:00+00:00,46485.745,40496.845,19740.877500000002,17009.915,54106.54,55899.97,1,0.0
2021-02-22 06:00:00+00:00,46867.07,41033.85,19760.32,17009.915,52239.64,49975.25,1,0.0
2021-02-23 06:00:00+00:00,46867.07,41681.87,20177.8275,17409.915,51325.01,48899.99,1,0.0
2021-02-24 06:00:00+00:00,47817.350000000006,41681.87,21152.8275,18384.915,55072.44,49737.82,1,0.0
2021-02-25 06:00:00+00:00,47817.350000000006,41705.71,21871.3275,19103.415,55856.53,45527.11,1,0.0
2021-02-26 06:00:00+00:00,47817.350000000006,42472.015,21871.3275,19103.415,55324.04,46326.2,1,0.0
2021-02-27 06:00:00+00:00,48110.295,42879.37,21917.2875,19103.415,57613.48,44804.85,1,0.0
2021-02-28 06:00:00+00:00,50296.845,43164.755000000005,22384.737500000003,19570.865,58740.77,45231.75,1,0.0
2021-03-01 06:00:00+00:00,50296.845,43308.345,22783.7875,19682.415,58922.22,49639.4,1,0.0
2021-03-02 06:00:00+00:00,50296.845,43388.845,22982.5375,19751.665,58726.48,48511.6,1,0.0
2021-03-03 06:00:00+00:00,50296.845,43388.845,25394.0675,22012.415,59401.81,50360.0,1,0.0
2021-03-04 06:00:00+00:00,50296.845,43388.845,25499.9625,22012.415,57094.34,47229.98,1,0.0
2021-03-05 06:00:00+00:00,50296.845,43388.845,25993.0025,22012.415,57307.92,48481.65,1,0.0
2021-03-06 06:00:00+00:00,50296.845,43388.845,27016.292499999996,22834.41,58775.23,49366.61,1,0.0
2021-03-07 06:00:00+00:00,50296.845,43388.845,28210.7975,23941.945,57645.47,50815.72,1,0.0
2021-03-08 06:00:00+00:00,50296.845,43388.845,29174.2975,24965.0,55955.75,54288.08,1,0.0
2021-03-09 06:00:00+00:00,50296.845,43388.845,30360.7175,26083.185,58083.1,53674.27,1,0.0
2021-03-10 06:00:00+00:00,50296.845,43388.845,30449.9025,26083.185,60951.61,55890.69,1,0.0
2021-03-11 06:00:00+00:00,50540.96,43632.96,30494.16,26083.185,59778.6,57160.98,1,0.0
2021-03-12 06:00:00+00:00,50540.96,43632.96,30570.245000000003,26083.185,60088.62,56731.11,1,0.0
2021-03-13 06:00:00+00:00,52402.225,45494.225,30774.245000000003,26083.185,60571.22,61178.5,1,0.0
2021-03-14 06:00:00+00:00,52402.225,45494.225,31085.4375,26083.185,64303.77,59754.48,1,0.0
2021-03-15 05:00:00+00:00,52402.225,45494.225,31489.697500000002,26083.185,62971.8,55636.15,1,0.0
2021-03-16 05:00:00+00:00,52402.225,45494.225,31489.697500000002,26083.185,61712.36,55587.32,1,0.0
2021-03-17 05:00:00+00:00,52402.225,45494.225,31501.6175,26083.185,61427.27,58925.54,1,0.0
2021-03-18 05:00:00+00:00,52402.225,45494.225,31884.770000000004,26083.185,54986.39,57887.82,1,0.0
2021-03-19 05:00:00+00:00,52402.225,45494.225,32088.447500000002,26083.185,56274.41,58039.66,1,0.0
2021-03-20 05:00:00+00:00,53734.225,45494.225,32231.14,26089.465,55353.73,56921.67,1,0.0
2021-03-21 05:00:00+00:00,54019.384999999995,45494.225,32302.934999999998,26089.465,56499.29,57610.01,1,0.0
2021-03-22 05:00:00+00:00,54019.384999999995,45494.225,32545.934999999998,26175.065000000002,54279.41,54461.43,1,0.0
2021-03-23 05:00:00+00:00,54019.384999999995,45494.225,32545.934999999998,26175.065000000002,49138.85,54106.54,1,0.0
2021-03-24 05:00:00+00:00,54936.244999999995,45494.225,32545.934999999998,26175.065000000002,51187.27,52239.64,1,0.0
2021-03-25 05:00:00+00:00,55349.14,45494.225,32545.934999999998,26175.065000000002,49699.42,51325.01,1,0.0
2021-03-26 05:00:00+00:00,55961.18,45494.225,32595.934999999998,26175.065000000002,52360.47,55072.44,1,0.0
2021-03-27 05:00:00+00:00,56046.725,45494.225,32715.934999999998,26175.065000000002,54053.6,55856.53,1,0.0
2021-03-28 05:00:00+00:00,56046.725,46889.225,32688.184999999998,26175.065000000002,54894.13,55324.04,1,0.0
2021-03-29 05:00:00+00:00,56046.725,46889.225,32554.622499999998,26175.065000000002,53625.09,57613.48,1,0.0
2021-03-30 05:00:00+00:00,56046.725,47060.725,32115.8425,26175.065000000002,54178.29,58740.77,1,0.0
2021-03-31 05:00:00+00:00,56046.725,47060.725,32115.8425,26254.120000000003,57798.77,58922.22,1,0.0
2021-04-01 05:00:00+00:00,56046.725,47619.225,32115.8425,26255.185,57859.28,58726.48,1,0.0
2021-04-02 05:00:00+00:00,55453.035,48591.125,32115.8425,26255.185,57850.71,59401.81,1,0.0
2021-04-03 05:00:00+00:00,55114.215,48972.45,32115.8425,26255.185,55856.8,57094.34,1,0.0
2021-04-04 05:00:00+00:00,55028.5,48972.45,31876.5925,26259.24,54573.94,57307.92,1,0.0
2021-04-05 05:00:00+00:00,55028.5,49922.729999999996,31883.8425,26259.24,57008.23,58775.23,1,0.0
2021-04-06 05:00:00+00:00,55028.5,49922.729999999996,32112.095,26410.43,55882.93,57645.47,1,0.0
2021-04-07 05:00:00+00:00,55028.5,49922.729999999996,32441.5925,26600.940000000002,58126.74,55955.75,1,0.0
2021-04-08 05:00:00+00:00,55028.5,50215.675,32441.5925,26600.940000000002,58211.21,58083.1,1,0.0
2021-04-09 05:00:00+00:00,55652.5,52402.225,35070.0,28982.755,59230.42,60951.61,1,0.0
2021-04-10 05:00:00+00:00,55761.985,52402.225,36082.5,29707.755,55379.8,59778.6,1,0.0
2021-04-11 05:00:00+00:00,55761.985,52402.225,36115.2875,29707.755,57425.24,60088.62,1,0.0
2021-04-12 05:00:00+00:00,55761.985,52402.225,36518.817500000005,30063.755,50477.63,60571.22,1,0.0
2021-04-13 05:00:00+00:00,57308.195,53663.695,36581.0,30063.755,49690.11,64303.77,1,0.0
2021-04-14 05:00:00+00:00,58659.5,53957.5,37069.0025,30088.375,49368.92,62971.8,1,0.0
2021-04-15 05:00:00+00:00,59432.5,53957.5,37361.0175,30254.74,48118.82,61712.36,1,0.0
2021-04-16 05:00:00+00:00,59899.5,53957.5,37845.0125,30792.5,43538.88,61427.27,1,0.0
2021-04-17 05:00:00+00:00,58099.5,53957.5,38697.0125,31054.505,43580.5,54986.39,1,0.0
2021-04-18 05:00:00+00:00,58099.5,53957.5,39912.6875,32669.184999999998,39258.21,56274.41,1,0.0
2021-04-19 05:00:00+00:00,58099.5,53957.5,39998.4375,32670.175,36731.75,55353.73,1,0.0
2021-04-20 05:00:00+00:00,58099.5,53957.5,41976.2625,34659.36,40623.33,56499.29,1,0.0
2021-04-21 05:00:00+00:00,58099.5,53957.5,42794.285,35273.54,37340.77,54279.41,1,0.0
2021-04-22 05:00:00+00:00,56699.5,53957.5,43491.295,35280.6,37235.63,49138.85,1,0.0
2021-04-23 05:00:00+00:00,56181.825,53957.5,43950.46,35319.485,34758.67,51187.27,1,0.0
2021-04-24 05:00:00+00:00,56181.825,53957.5,44274.47,35354.5,38878.56,49699.42,1,0.0
2021-04-25 05:00:00+00:00,56181.825,53957.5,44749.61,35354.5,39438.27,52360.47,1,0.0
2021-04-26 05:00:00+00:00,56181.825,53957.5,44761.53,35354.5,39293.23,54053.6,1,0.0
2021-04-27 05:00:00+00:00,56181.825,53957.5,45144.6825,35354.5,37354.37,54894.13,1,0.0
2021-04-28 05:00:00+00:00,56181.825,53957.5,45494.832500000004,35446.42,35680.47,53625.09,1,0.0
2021-04-29 05:00:00+00:00,56181.825,55289.5,46730.8,35446.42,34627.82,54178.29,1,0.0
2021-04-30 05:00:00+00:00,56181.825,55574.66,46802.595,35446.42,34499.57,57798.77,1,0.0
2021-05-01 05:00:00+00:00,56181.825,55574.66,46842.845,35639.845,36753.45,57859.28,1,0.0
2021-05-02 05:00:00+00:00,56181.825,55574.66,46842.845,35846.345,36666.01,57850.71,1,0.0
2021-05-03 05:00:00+00:00,56181.825,56181.825,46842.845,35933.770000000004,37970.64,55856.8,0,-1.0
2021-05-04 05:00:00+00:00,55534.494999999995,56181.825,46842.845,35943.845,37583.24,54573.94,0,0.0
2021-05-05 05:00:00+00:00,54853.770000000004,56181.825,46842.845,35943.845,36856.52,57008.23,0,0.0
2021-05-06 05:00:00+00:00,53951.31,56181.825,46842.845,36197.415,35539.49,55882.93,0,0.0
2021-05-07 05:00:00+00:00,53064.630000000005,56181.825,46842.845,36197.415,36268.91,58126.74,0,0.0
2021-05-08 05:00:00+00:00,53382.585,56181.825,46842.845,36333.885,32869.08,58211.21,0,0.0
2021-05-09 05:00:00+00:00,53528.425,56181.825,46842.845,36512.255000000005,32990.37,59230.42,0,0.0
2021-05-10 05:00:00+00:00,53528.425,56181.825,47086.96,36844.885,36813.86,55379.8,0,0.0
2021-05-11 05:00:00+00:00,53528.425,56181.825,47086.96,36887.08,36694.05,57425.24,0,0.0
2021-05-12 05:00:00+00:00,52796.1,55449.5,48948.225,38748.345,35250.26,50477.63,0,0.0
2021-05-13 05:00:00+00:00,52796.1,55449.5,48948.225,38833.725,35195.09,49690.11,0,0.0
2021-05-14 05:00:00+00:00,52796.1,55449.5,48948.225,38994.225,39283.74,49368.92,0,0.0
2021-05-15 05:00:00+00:00,52796.1,55449.5,48948.225,38994.225,40530.39,48118.82,0,0.0
2021-05-16 05:00:00+00:00,50866.6,53520.0,48948.225,38994.225,40271.81,43538.88,0,0.0
2021-05-17 05:00:00+00:00,50846.6,53500.0,48948.225,38994.225,38811.19,43580.5,0,0.0
2021-05-18 05:00:00+00:00,49046.1,51699.5,48948.225,38994.225,37935.17,39258.21,0,0.0
2021-05-19 05:00:00+00:00,44796.1,47449.5,49614.225,38994.225,35841.81,36731.75,0,0.0
2021-05-20 05:00:00+00:00,44796.1,47449.5,49756.80499999999,38994.225,35798.24,40623.33,0,0.0
2021-05-21 05:00:00+00:00,44796.1,47449.5,49756.80499999999,38994.225,34229.08,37340.77,0,0.0
2021-05-22 05:00:00+00:00,44796.1,47449.5,49756.80499999999,38994.225,32918.54,37235.63,0,0.0
2021-05-23 05:00:00+00:00,44796.1,47449.5,50215.235,38994.225,32538.37,34758.67,0,0.0
2021-05-24 05:00:00+00:00,44796.1,47449.5,50421.682499999995,38994.225,33688.35,38878.56,0,0.0
2021-05-25 05:00:00+00:00,44796.1,47449.5,50727.7025,39094.225,34774.0,39438.27,0,0.0
2021-05-26 05:00:00+00:00,44796.1,47449.5,50770.475,39334.225,31594.63,39293.23,0,0.0
2021-05-27 05:00:00+00:00,44796.1,47449.5,51467.975,39684.225,32275.19,37354.37,0,0.0
2021-05-28 05:00:00+00:00,44796.1,47449.5,51467.975,39684.225,34354.83,35680.47,0,0.0
2021-05-29 05:00:00+00:00,44020.5,47449.5,51553.725,39684.225,34871.31,34627.82,0,0.0
2021-05-30 05:00:00+00:00,44020.5,47449.5,51553.725,39684.225,34763.8,34499.57,0,0.0
2021-05-31 05:00:00+00:00,41225.0,47449.5,51832.975,39684.225,34338.21,36753.45,0,0.0
2021-06-01 05:00:00+00:00,40700.0,47449.5,52022.08,39684.225,33516.11,36666.01,0,0.0
2021-06-02 05:00:00+00:00,40365.29,47449.5,52043.3325,39684.225,33805.02,37970.64,0,0.0
2021-06-03 05:00:00+00:00,39407.18,47449.5,52000.475,39684.225,34783.0,37583.24,0,0.0
2021-06-04 05:00:00+00:00,38323.075,47449.5,52475.615,39684.225,34210.23,36856.52,0,0.0
2021-06-05 05:00:00+00:00,37937.485,47449.5,52475.615,39684.225,34660.65,35539.49,0,0.0
2021-06-06 05:00:00+00:00,36795.85,47449.5,52475.615,39684.225,34720.25,36268.91,0,0.0
2021-06-07 05:00:00+00:00,36495.0,47449.5,52622.0875,39684.225,33317.51,32869.08,0,0.0
2021-06-08 05:00:00+00:00,36858.0,47449.5,54027.3625,39684.225,32875.95,32990.37,0,0.0
2021-06-09 05:00:00+00:00,36450.305,47449.5,54082.104999999996,40259.225,33649.77,36813.86,0,0.0
2021-06-10 05:00:00+00:00,36005.5,47449.5,54082.104999999996,40324.8,33472.51,36694.05,0,0.0
2021-06-11 05:00:00+00:00,36005.5,47449.5,54082.104999999996,40419.86,34308.38,35250.26,0,0.0
2021-06-12 05:00:00+00:00,36649.729999999996,47449.5,55485.945,41805.695,33127.35,35195.09,0,0.0
2021-06-13 05:00:00+00:00,36649.729999999996,46802.17,56308.5,43075.505,31942.23,39283.74,0,0.0
2021-06-14 05:00:00+00:00,36649.729999999996,46121.445,56695.0,43478.095,32661.04,40530.39,0,0.0
2021-06-15 05:00:00+00:00,36624.729999999996,45218.985,56928.5,43639.525,31868.68,40271.81,0,0.0
2021-06-16 05:00:00+00:00,36624.729999999996,44796.1,56028.5,43639.525,31388.24,38811.19,0,0.0
2021-06-17 05:00:00+00:00,36624.729999999996,44796.1,56028.5,43639.525,32085.24,37935.17,0,0.0
2021-06-18 05:00:00+00:00,36624.729999999996,44796.1,56028.5,43639.525,31747.43,35841.81,0,0.0
2021-06-19 05:00:00+00:00,36624.729999999996,44796.1,56028.5,43639.525,29662.31,35798.24,0,0.0
2021-06-20 05:00:00+00:00,36624.729999999996,44796.1,56028.5,43749.5,29796.16,34229.08,0,0.0
2021-06-21 05:00:00+00:00,36005.0,44796.1,55328.5,44157.5,32135.19,32918.54,0,0.0
2021-06-22 05:00:00+00:00,34825.0,44196.1,55069.6625,44694.505,32699.0,32538.37,0,0.0
2021-06-23 05:00:00+00:00,34825.0,44196.1,55069.6625,45342.525,33708.68,33688.35,0,0.0
2021-06-24 05:00:00+00:00,34825.0,44196.1,55069.6625,45342.525,34283.01,34774.0,0,0.0
2021-06-25 05:00:00+00:00,34825.0,44196.1,55069.6625,45366.365,38300.01,31594.63,0,0.0
2021-06-26 05:00:00+00:00,34825.0,44196.1,55069.6625,46132.67,37262.77,32275.19,0,0.0
2021-06-27 05:00:00+00:00,34825.0,44196.1,55069.6625,46540.025,39694.11,34354.83,0,0.0
2021-06-28 05:00:00+00:00,34825.0,44196.1,55735.6625,46825.41,40035.1,34871.31,0,0.0
2021-06-29 05:00:00+00:00,34825.0,44196.1,55878.2425,46969.0,39824.58,34763.8,0,0.0
2021-06-30 05:00:00+00:00,34825.0,44196.1,55878.2425,47049.5,42237.95,34338.21,0,0.0
2021-07-01 05:00:00+00:00,34825.0,44196.1,55878.2425,47049.5,42074.65,33516.11,0,0.0
2021-07-02 05:00:00+00:00,34825.0,44196.1,56181.825,47049.5,39671.67,33805.02,0,0.0
2021-07-03 05:00:00+00:00,34825.0,44196.1,55858.159999999996,47049.5,39149.59,34783.0,0,0.0
2021-07-04 05:00:00+00:00,34612.5,44196.1,55517.7975,47049.5,37952.63,34210.23,0,0.0
2021-07-05 05:00:00+00:00,33966.685,44196.1,55066.5675,47049.5,39343.31,34660.65,0,0.0
2021-07-06 05:00:00+00:00,33508.11,44196.1,54623.2275,47049.5,40888.74,34720.25,0,0.0
2021-07-07 05:00:00+00:00,33453.59,44196.1,54782.205,47049.5,43316.79,33317.51,0,0.0
2021-07-08 05:00:00+00:00,32447.21,43420.5,54855.125,47049.5,44382.47,32875.95,0,0.0
2021-07-09 05:00:00+00:00,32447.21,43420.5,54855.125,47049.5,43614.98,33649.77,0,0.0
2021-07-10 05:00:00+00:00,32447.21,40625.0,54855.125,47049.5,46285.48,33472.51,0,0.0
2021-07-11 05:00:00+00:00,32447.21,40100.0,54122.8,47049.5,45595.66,34308.38,0,0.0
2021-07-12 05:00:00+00:00,33133.955,39765.29,54122.8,47049.5,45614.87,33127.35,0,0.0
2021-07-13 05:00:00+00:00,33133.955,38807.18,54122.8,47049.5,45274.98,31942.23,0,0.0
2021-07-14 05:00:00+00:00,33133.955,37723.075,54122.8,47049.5,47833.64,32661.04,0,0.0
2021-07-15 05:00:00+00:00,33133.955,37337.485,52193.3,47049.5,46756.7,31868.68,0,0.0
2021-07-16 05:00:00+00:00,33579.595,36195.85,52173.3,47049.5,47424.28,31388.24,0,0.0
2021-07-17 05:00:00+00:00,33579.595,35895.0,50372.8,47049.5,46391.24,32085.24,0,0.0
2021-07-18 05:00:00+00:00,33579.595,35702.5,46122.8,47049.5,45082.92,31747.43,0,0.0
2021-07-19 05:00:00+00:00,32399.309999999998,35294.805,46122.8,47049.5,44137.43,29662.31,0,0.0
2021-07-20 05:00:00+00:00,32296.190000000002,34850.0,46122.8,47049.5,47097.8,29796.16,0,0.0
2021-07-21 05:00:00+00:00,32296.190000000002,34850.0,46122.8,47049.5,49342.4,32135.19,0,0.0
2021-07-22 05:00:00+00:00,32296.190000000002,34850.0,46122.8,47049.5,48867.02,32699.0,0,0.0
2021-07-23 05:00:00+00:00,32296.190000000002,34850.0,46122.8,47049.5,50338.18,33708.68,0,0.0
2021-07-24 05:00:00+00:00,32051.629999999997,34850.0,46122.8,47049.5,49506.58,34283.01,0,0.0
2021-07-25 05:00:00+00:00,34535.78,34825.0,46122.8,47049.5,48022.29,38300.01,0,0.0
2021-07-26 05:00:00+00:00,34947.745,34825.0,46122.8,47449.5,47894.22,37262.77,0,0.0
2021-07-27 05:00:00+00:00,34947.745,34825.0,46122.8,47449.5,46851.47,39694.11,0,0.0
2021-07-28 05:00:00+00:00,35113.56,34862.78,45735.0,47449.5,49077.57,40035.1,0,0.0
2021-07-29 05:00:00+00:00,35113.56,34862.78,45735.0,47449.5,48183.83,39824.58,0,0.0
2021-07-30 05:00:00+00:00,35811.065,35560.285,44337.25,47449.5,47897.69,42237.95,0,0.0
2021-07-31 05:00:00+00:00,35953.6,35702.82,44074.75,47449.5,47056.72,42074.65,0,0.0
2021-08-01 05:00:00+00:00,35953.6,35702.82,43907.395000000004,47449.5,47158.9,39671.67,0,0.0
2021-08-02 05:00:00+00:00,35953.6,35702.82,43428.34,47449.5,48839.86,39149.59,0,0.0
2021-08-03 05:00:00+00:00,35953.6,35702.82,42886.2875,47449.5,49727.89,37952.63,0,0.0
2021-08-04 05:00:00+00:00,35953.6,35702.82,42693.4925,47449.5,50025.0,39343.31,0,0.0
2021-08-05 05:00:00+00:00,35953.6,35702.82,42122.675,47449.5,49857.36,40888.74,0,0.0
2021-08-06 05:00:00+00:00,36637.78,36387.0,41972.25,47449.5,51722.74,43316.79,1,1.0
2021-08-07 05:00:00+00:00,37066.41,36815.630000000005,42153.75,47449.5,52539.52,44382.47,1,0.0
2021-08-08 05:00:00+00:00,37066.41,36815.630000000005,41949.9025,47449.5,46894.5,43614.98,1,0.0
2021-08-09 05:00:00+00:00,38530.96,37648.71,41727.5,47449.5,46060.36,46285.48,1,0.0
2021-08-10 05:00:00+00:00,39351.91,37648.71,41727.5,47449.5,46400.0,45595.66,1,0.0
2021-08-11 05:00:00+00:00,39961.06,37648.71,42049.615,47449.5,44851.45,45614.87,1,0.0
2021-08-12 05:00:00+00:00,40026.21,37648.71,41725.95,47449.5,45340.26,45274.98,1,0.0
2021-08-13 05:00:00+00:00,41602.72,38376.95,41385.587499999994,47449.5,46024.23,47833.64,1,0.0
2021-08-14 05:00:00+00:00,42364.175,38376.95,40921.8575,47449.5,45102.18,46756.7,1,0.0
2021-08-15 05:00:00+00:00,42688.259999999995,38438.259999999995,40710.41499999999,47449.5,46891.28,47424.28,1,0.0
2021-08-16 05:00:00+00:00,42688.259999999995,38438.259999999995,40710.41499999999,47449.5,48302.76,46391.24,1,0.0
2021-08-17 05:00:00+00:00,42688.259999999995,38438.259999999995,40710.41499999999,47449.5,48093.11,45082.92,1,0.0
2021-08-18 05:00:00+00:00,42688.259999999995,38438.259999999995,40710.41499999999,47449.5,48335.54,44137.43,1,0.0
2021-08-19 05:00:00+00:00,42688.259999999995,38438.259999999995,40710.41499999999,47449.5,47863.25,47097.8,1,0.0
2021-08-20 05:00:00+00:00,43350.0,39100.0,40400.55,47449.5,45658.47,49342.4,1,0.0
2021-08-21 05:00:00+00:00,43560.96,39561.74,39510.55,46849.5,42422.84,48867.02,1,0.0
2021-08-22 05:00:00+00:00,43862.5,39863.28,39510.55,46849.5,41899.16,50338.18,1,0.0
2021-08-23 05:00:00+00:00,43862.5,39863.28,39510.55,46849.5,44063.37,49506.58,1,0.0
2021-08-24 05:00:00+00:00,43862.5,39863.28,39510.55,46849.5,44285.53,48022.29,1,0.0
2021-08-25 05:00:00+00:00,46516.0,39863.28,39510.55,46849.5,42722.31,47894.22,1,0.0
2021-08-26 05:00:00+00:00,46623.15,39863.28,39510.55,46849.5,42247.96,46851.47,1,0.0
2021-08-27 05:00:00+00:00,46623.15,39863.28,39510.55,46849.5,44035.87,49077.57,1,0.0
2021-08-28 05:00:00+00:00,46862.5,39863.28,39510.55,46849.5,42647.7,48183.83,1,0.0
2021-08-29 05:00:00+00:00,47190.0,39863.28,39510.55,46849.5,42250.07,47897.69,1,0.0
2021-08-30 05:00:00+00:00,47190.0,39863.28,39510.55,46849.5,43510.25,47056.72,1,0.0
2021-08-31 05:00:00+00:00,47190.0,39863.28,39510.55,46849.5,43626.13,47158.9,1,0.0
2021-09-01 05:00:00+00:00,47190.0,39863.28,39510.55,46849.5,47605.42,48839.86,1,0.0
2021-09-02 05:00:00+00:00,47190.0,39863.28,39404.3,46849.5,47915.24,49727.89,1,0.0
2021-09-03 05:00:00+00:00,47509.72,40183.0,39081.3925,46849.5,47775.75,50025.0,1,0.0
2021-09-04 05:00:00+00:00,47509.72,40183.0,38852.104999999996,46849.5,49181.94,49857.36,1,0.0
2021-09-05 05:00:00+00:00,47958.44,40631.72,38824.845,46849.5,51341.43,51722.74,1,0.0
2021-09-06 05:00:00+00:00,48449.979999999996,41123.26,37933.854999999996,46849.5,55086.03,52539.52,1,0.0
2021-09-07 05:00:00+00:00,47887.865,41123.26,37933.854999999996,46849.5,53894.41,46894.5,1,0.0
2021-09-08 05:00:00+00:00,47887.865,41123.26,36536.104999999996,46849.5,54702.16,46060.36,1,0.0
2021-09-09 05:00:00+00:00,47887.865,41123.26,36273.604999999996,46849.5,55881.42,46400.0,1,0.0
2021-09-10 05:00:00+00:00,47887.865,41123.26,36449.6225,46849.5,56478.35,44851.45,1,0.0
2021-09-11 05:00:00+00:00,47887.865,41123.26,35970.567500000005,46849.5,56986.01,45340.26,1,0.0
2021-09-12 05:00:00+00:00,47887.865,41123.26,35428.515,46849.5,56084.61,46024.23,1,0.0
2021-09-13 05:00:00+00:00,47887.865,41123.26,35235.72,46849.5,57990.8,45102.18,1,0.0
2021-09-14 05:00:00+00:00,47887.865,41123.26,34887.7225,46849.5,59604.98,46891.28,1,0.0
2021-09-15 05:00:00+00:00,47887.865,41123.26,34737.2975,46849.5,61739.72,48302.76,1,0.0
2021-09-16 05:00:00+00:00,47887.865,41123.26,34641.0475,46849.5,60921.18,48093.11,1,0.0
2021-09-17 05:00:00+00:00,47887.865,41123.26,33847.057499999995,46849.5,62353.45,48335.54,1,0.0
2021-09-18 05:00:00+00:00,47887.865,41754.729999999996,33573.095,46849.5,62418.09,47863.25,1,0.0
2021-09-19 05:00:00+00:00,47887.865,42575.68,33573.095,46849.5,64061.04,45658.47,1,0.0
2021-09-20 05:00:00+00:00,46572.479999999996,43184.83,33573.095,46849.5,65049.32,42422.84,1,0.0
2021-09-21 05:00:00+00:00,46272.479999999996,43249.979999999996,33573.095,46849.5,63056.58,41899.16,1,0.0
2021-09-22 05:00:00+00:00,46272.479999999996,44098.25,33450.815,46849.5,61153.09,44063.37,1,0.0
2021-09-23 05:00:00+00:00,46272.479999999996,44859.705,34680.39,46849.5,60999.99,44285.53,1,0.0
2021-09-24 05:00:00+00:00,46272.479999999996,45122.479999999996,34886.3725,46849.5,62065.9,42722.31,1,0.0
2021-09-25 05:00:00+00:00,46272.479999999996,45122.479999999996,34886.3725,46849.5,62457.58,42247.96,1,0.0
2021-09-26 05:00:00+00:00,46175.0,45122.479999999996,34988.17,46849.5,61169.03,44035.87,1,0.0
2021-09-27 05:00:00+00:00,44212.81,45122.479999999996,34988.17,46849.5,58826.33,42647.7,0,-1.0
2021-09-28 05:00:00+00:00,44212.81,45122.479999999996,35685.675,46849.5,61526.14,42250.07,0,0.0
2021-09-29 05:00:00+00:00,44212.81,45122.479999999996,35828.21,46849.5,61476.16,43510.25,0,0.0
2021-09-30 05:00:00+00:00,44212.81,45122.479999999996,35828.21,46849.5,61438.38,43626.13,0,0.0
2021-10-01 05:00:00+00:00,44212.81,45122.479999999996,35828.21,46849.5,60550.0,47605.42,0,0.0
2021-10-02 05:00:00+00:00,44212.81,45122.479999999996,35828.21,46849.5,61476.85,47915.24,0,0.0
2021-10-03 05:00:00+00:00,44450.0,45122.479999999996,35828.21,46849.5,62793.73,47775.75,0,0.0
2021-10-04 05:00:00+00:00,44693.0,46272.479999999996,35828.21,46849.5,62712.02,49181.94,0,0.0
2021-10-05 05:00:00+00:00,45753.115000000005,46272.479999999996,36512.39,46849.5,60932.93,51341.43,0,0.0
2021-10-06 05:00:00+00:00,47678.555,47678.555,36941.020000000004,46849.5,61248.09,55086.03,0,0.0
2021-10-07 05:00:00+00:00,47678.555,47678.555,36941.020000000004,46849.5,62235.01,53894.41,0,0.0
2021-10-08 05:00:00+00:00,47856.5,47856.5,38089.835,46849.5,65476.65,54702.16,0,0.0
2021-10-09 05:00:00+00:00,47856.5,47856.5,38500.31,46849.5,68157.0,55881.42,0,0.0
2021-10-10 05:00:00+00:00,48194.565,48194.565,38804.884999999995,46849.5,66345.14,56478.35,0,0.0
2021-10-11 05:00:00+00:00,49291.675,48716.615000000005,38837.46,46202.17,64700.0,56986.01,1,1.0
2021-10-12 05:00:00+00:00,49291.675,48716.615000000005,39989.835,45521.445,64694.45,56084.61,1,0.0
2021-10-13 05:00:00+00:00,49635.415,49060.354999999996,40370.5625,44618.985,63618.26,57990.8,1,0.0
2021-10-14 05:00:00+00:00,50243.795,49668.735,40563.259999999995,44196.1,64913.73,59604.98,1,0.0
2021-10-15 05:00:00+00:00,51830.06,51255.0,40563.259999999995,44196.1,65732.99,61739.72,1,0.0
2021-10-16 05:00:00+00:00,51830.06,51255.0,40563.259999999995,44196.1,60991.17,60921.18,1,0.0
2021-10-17 05:00:00+00:00,51830.06,51255.0,40563.259999999995,44196.1,59606.06,62353.45,1,0.0
2021-10-18 05:00:00+00:00,51945.6,51293.5,40563.259999999995,44196.1,59818.23,62418.09,1,0.0
2021-10-19 05:00:00+00:00,53610.225,52050.0,41225.0,44196.1,56436.38,64061.04,1,0.0
2021-10-20 05:00:00+00:00,55259.675,53299.5,41561.35,44196.1,58473.0,65049.32,1,0.0
2021-10-21 05:00:00+00:00,56964.91,53299.5,41862.89,44196.1,59065.81,63056.58,1,0.0
2021-10-22 05:00:00+00:00,56964.91,53299.5,41862.89,44196.1,57474.25,61153.09,1,0.0
2021-10-23 05:00:00+00:00,56964.91,53299.5,41862.89,44196.1,56550.0,60999.99,1,0.0
2021-10-24 05:00:00+00:00,58076.875,53299.5,43189.64,44196.1,56620.22,62065.9,1,0.0
2021-10-25 05:00:00+00:00,58707.505000000005,53299.5,43243.215,44196.1,57138.22,62457.58,1,0.0
2021-10-26 05:00:00+00:00,60189.0,53299.5,43243.215,44196.1,57867.97,61169.03,1,0.0
2021-10-27 05:00:00+00:00,60316.705,53299.5,43362.89,44196.1,54294.75,58826.33,1,0.0
2021-10-28 05:00:00+00:00,60524.505000000005,53299.5,43526.64,44196.1,54421.29,61526.14,1,0.0
2021-10-29 05:00:00+00:00,60524.505000000005,53299.5,43526.64,44196.1,57400.8,61476.16,1,0.0
2021-10-30 05:00:00+00:00,60524.505000000005,53299.5,43526.64,44196.1,56310.25,61438.38,1,0.0
2021-10-31 05:00:00+00:00,60524.505000000005,53299.5,43526.64,44196.1,56820.75,60550.0,1,0.0
2021-11-01 05:00:00+00:00,60617.545,53299.5,43526.64,44196.1,56963.32,61476.85,1,0.0
2021-11-02 05:00:00+00:00,61915.66,53299.5,43846.36,44196.1,56780.42,62793.73,1,0.0
2021-11-03 05:00:00+00:00,62499.5,53299.5,43846.36,44196.1,47502.84,62712.02,1,0.0
2021-11-04 05:00:00+00:00,62499.5,53299.5,44295.08,44196.1,49519.73,60932.93,1,0.0
2021-11-05 05:00:00+00:00,62499.5,53299.5,44786.619999999995,43420.5,48758.62,61248.09,1,0.0
2021-11-06 05:00:00+00:00,62499.5,53299.5,44505.5625,43420.5,50944.08,62235.01,1,0.0
2021-11-07 05:00:00+00:00,62499.5,53299.5,44505.5625,40872.479999999996,50459.64,65476.65,1,0.0
2021-11-08 06:00:00+00:00,63284.425,54084.425,44505.5625,40872.479999999996,50608.08,68157.0,1,0.0
2021-11-09 06:00:00+00:00,63284.425,54084.425,44505.5625,40872.479999999996,48264.63,66345.14,1,0.0
2021-11-10 06:00:00+00:00,63500.0,54300.0,44505.5625,40872.479999999996,48349.6,64700.0,1,0.0
2021-11-11 06:00:00+00:00,63500.0,54300.0,44505.5625,40872.479999999996,49011.32,64694.45,1,0.0
2021-11-12 06:00:00+00:00,63500.0,54300.0,44505.5625,40872.479999999996,49275.97,63618.26,1,0.0
2021-11-13 06:00:00+00:00,63500.0,54300.0,44505.5625,40872.479999999996,46709.76,64913.73,1,0.0
2021-11-14 06:00:00+00:00,63500.0,54300.0,44505.5625,40872.479999999996,48141.42,65732.99,1,0.0
2021-11-15 06:00:00+00:00,63500.0,54300.0,44505.5625,40872.479999999996,48524.84,60991.17,1,0.0
2021-11-16 06:00:00+00:00,63500.0,54300.0,44505.5625,40872.479999999996,47722.79,59606.06,1,0.0
2021-11-17 06:00:00+00:00,63690.0,54300.0,44821.2975,40872.479999999996,46618.74,59818.23,1,0.0
2021-11-18 06:00:00+00:00,62312.5,54300.0,45231.7725,40872.479999999996,47624.94,56436.38,1,0.0
2021-11-19 06:00:00+00:00,62312.5,54300.0,44878.655,40872.479999999996,46434.08,58473.0,1,0.0
2021-11-20 06:00:00+00:00,62312.5,54875.06,44761.229999999996,40872.479999999996,48618.68,59065.81,1,0.0
2021-11-21 06:00:00+00:00,62312.5,54875.06,45185.365,40872.479999999996,48988.42,57474.25,1,0.0
2021-11-22 06:00:00+00:00,62312.5,54875.06,45566.0925,40872.479999999996,48396.21,56550.0,1,0.0
2021-11-23 06:00:00+00:00,62188.5,54875.06,45697.479999999996,40872.479999999996,51029.0,56620.22,1,0.0
2021-11-24 06:00:00+00:00,62188.5,54875.06,45697.479999999996,40872.479999999996,50912.36,57138.22,1,0.0
2021-11-25 06:00:00+00:00,62188.5,54875.06,45648.74,40872.479999999996,49894.37,57867.97,1,0.0
2021-11-26 06:00:00+00:00,61266.5,54875.06,44667.645,40872.479999999996,50882.33,54294.75,1,0.0
2021-11-27 06:00:00+00:00,61266.5,54952.1,44667.645,40872.479999999996,49221.76,54421.29,1,0.0
2021-11-28 06:00:00+00:00,61163.5,55860.225,44667.645,40872.479999999996,47909.37,57400.8,1,0.0
2021-11-29 06:00:00+00:00,61163.5,56260.175,44667.645,40872.479999999996,46778.41,56310.25,1,0.0
2021-11-30 06:00:00+00:00,59833.45,57965.41,44667.645,40872.479999999996,47285.73,56820.75,1,0.0
2021-12-01 06:00:00+00:00,59833.45,57965.41,44667.645,40872.479999999996,47187.99,56963.32,1,0.0
2021-12-02 06:00:00+00:00,59833.45,57965.41,44786.24,40872.479999999996,47093.4,56780.42,1,0.0
2021-12-03 06:00:00+00:00,54336.45,55666.5,45482.74,40872.479999999996,47090.32,47502.84,0,-1.0
2021-12-04 06:00:00+00:00,54336.45,55666.5,46012.7975,40872.479999999996,46157.15,49519.73,0,0.0
2021-12-05 06:00:00+00:00,51875.595,55666.5,47678.555,42278.555,46304.01,48758.62,0,0.0
2021-12-06 06:00:00+00:00,51655.104999999996,55666.5,47678.555,42278.555,43047.13,50944.08,0,0.0
2021-12-07 06:00:00+00:00,51201.5,55666.5,47856.5,42456.5,41834.3,50459.64,0,0.0
2021-12-08 06:00:00+00:00,51201.5,55666.5,47856.5,42456.5,41977.37,50608.08,0,0.0
2021-12-09 06:00:00+00:00,51201.5,55666.5,48194.565,42794.565,41770.5,48264.63,0,0.0
2021-12-10 06:00:00+00:00,51201.5,55666.5,49004.145000000004,43316.615000000005,42030.31,48349.6,0,0.0
2021-12-11 06:00:00+00:00,50889.494999999995,55666.5,49004.145000000004,43316.615000000005,42120.64,49011.32,0,0.0
2021-12-12 06:00:00+00:00,50889.494999999995,55666.5,49347.884999999995,43660.354999999996,42724.15,49275.97,0,0.0
2021-12-13 06:00:00+00:00,50889.494999999995,55666.5,49956.265,44268.735,43688.34,46709.76,0,0.0
2021-12-14 06:00:00+00:00,50889.494999999995,55666.5,51542.53,45855.0,42909.42,48141.42,0,0.0
2021-12-15 06:00:00+00:00,50791.384999999995,55666.5,51542.53,45855.0,43003.49,48524.84,0,0.0
2021-12-16 06:00:00+00:00,50791.384999999995,55666.5,51542.53,45855.0,42994.06,47722.79,0,0.0
2021-12-17 06:00:00+00:00,50791.384999999995,55666.5,51619.55,45893.5,42670.02,46618.74,0,0.0
2021-12-18 06:00:00+00:00,50791.384999999995,55666.5,52830.1125,46650.0,42125.75,47624.94,0,0.0
2021-12-19 06:00:00+00:00,50791.384999999995,55666.5,54279.5875,48150.28,41788.7,46434.08,0,0.0
2021-12-20 06:00:00+00:00,50725.92,55666.5,55132.205,48150.28,41900.53,48618.68,0,0.0
2021-12-21 06:00:00+00:00,49997.215,55666.5,55132.205,48150.28,38926.62,48988.42,0,0.0
2021-12-22 06:00:00+00:00,49997.215,55666.5,55132.205,48150.28,35750.73,48396.21,0,0.0
2021-12-23 06:00:00+00:00,48753.009999999995,55666.5,55688.1875,48150.28,35469.61,51029.0,0,0.0
2021-12-24 06:00:00+00:00,48753.009999999995,55666.5,56003.5025,48150.28,35195.67,50912.36,0,0.0
2021-12-25 06:00:00+00:00,48753.009999999995,55666.5,56744.25,48150.28,36062.44,49894.37,0,0.0
2021-12-26 06:00:00+00:00,48753.009999999995,55666.5,56808.1025,48150.28,37633.85,50882.33,0,0.0
2021-12-27 06:00:00+00:00,48768.009999999995,55666.5,56912.0025,48150.28,35997.94,49221.76,0,0.0
2021-12-28 06:00:00+00:00,48768.009999999995,55666.5,56912.0025,48150.28,37232.39,47909.37,0,0.0
2021-12-29 06:00:00+00:00,48768.009999999995,55666.5,56912.0025,48150.28,37680.33,46778.41,0,0.0
2021-12-30 06:00:00+00:00,48768.009999999995,55666.5,56912.0025,48150.28,38148.43,47285.73,0,0.0
2021-12-31 06:00:00+00:00,48768.009999999995,55666.5,56958.5225,48150.28,37026.45,47187.99,0,0.0
2022-01-01 06:00:00+00:00,48768.009999999995,55666.5,57607.58,48150.28,38477.02,47093.4,0,0.0
2022-01-02 06:00:00+00:00,48768.009999999995,55666.5,57899.5,48150.28,38429.17,47090.32,0,0.0
2022-01-03 06:00:00+00:00,48768.009999999995,55666.5,57899.5,48150.28,37019.84,46157.15,0,0.0
2022-01-04 06:00:00+00:00,48768.009999999995,55666.5,57899.5,48150.28,37566.75,46304.01,0,0.0
2022-01-05 06:00:00+00:00,47262.5,55666.5,57899.5,48150.28,41557.54,43047.13,0,0.0
2022-01-06 06:00:00+00:00,46512.5,55000.0,57899.5,48150.28,41610.64,41834.3,0,0.0
2022-01-07 06:00:00+00:00,46298.265,54785.765,58684.425,48935.205,42835.99,41977.37,0,0.0
2022-01-08 06:00:00+00:00,46265.15,54752.65,58684.425,48935.205,44916.93,41770.5,0,0.0
2022-01-09 06:00:00+00:00,46265.15,53422.6,58900.0,49150.78,43624.5,42030.31,0,0.0
2022-01-10 06:00:00+00:00,45887.5,53044.95,58900.0,49150.78,43917.95,42120.64,0,0.0
2022-01-11 06:00:00+00:00,45887.5,53044.95,58900.0,49150.78,42865.92,42724.15,0,0.0
2022-01-12 06:00:00+00:00,45887.5,53044.95,58900.0,49150.78,42296.23,43688.34,0,0.0
2022-01-13 06:00:00+00:00,45887.5,53044.95,58900.0,49150.78,42293.1,42909.42,0,0.0
2022-01-14 06:00:00+00:00,45887.5,50584.095,58900.0,49150.78,41788.17,43003.49,0,0.0
2022-01-15 06:00:00+00:00,45887.5,50363.604999999996,58900.0,49150.78,43601.75,42994.06,0,0.0
2022-01-16 06:00:00+00:00,44608.945,49910.0,58995.0,49782.25,44081.12,42670.02,0,0.0
2022-01-17 06:00:00+00:00,44162.35,49910.0,58306.25,50603.2,43640.93,42125.75,0,0.0
2022-01-18 06:00:00+00:00,44162.35,49910.0,58306.25,51212.35,40660.6,41788.7,0,0.0
2022-01-19 06:00:00+00:00,44162.35,49910.0,58593.78,51277.5,40266.68,41900.53,0,0.0
2022-01-20 06:00:00+00:00,43101.18,48844.115,58593.78,52125.770000000004,39367.29,38926.62,0,0.0
2022-01-21 06:00:00+00:00,41691.06,47433.994999999995,58593.78,52887.225,39248.58,35750.73,0,0.0
2022-01-22 06:00:00+00:00,40800.445,46731.774999999994,58531.78,53150.0,36751.36,35469.61,0,0.0
2022-01-23 06:00:00+00:00,40775.225,46731.774999999994,58531.78,53150.0,37996.82,35195.67,0,0.0
2022-01-24 06:00:00+00:00,40004.94,46091.55,58531.78,53150.0,34644.77,36062.44,0,0.0
2022-01-25 06:00:00+00:00,38693.275,46091.55,58070.78,53150.0,38467.77,37633.85,0,0.0
2022-01-26 06:00:00+00:00,38693.275,46091.55,58109.3,53150.0,39032.1,35997.94,0,0.0
2022-01-27 06:00:00+00:00,38693.275,46091.55,58511.8625,53150.0,38613.89,37232.39,0,0.0
2022-01-28 06:00:00+00:00,38693.275,46091.55,58711.8375,53150.0,37845.82,37680.33,0,0.0
2022-01-29 06:00:00+00:00,38693.275,46026.085,58899.43,53150.0,43223.71,38148.43,0,0.0
2022-01-30 06:00:00+00:00,38693.275,45297.380000000005,58899.43,53150.0,44303.03,37026.45,0,0.0
2022-01-31 06:00:00+00:00,38693.275,45297.380000000005,58899.43,53150.0,43341.39,38477.02,0,0.0
2022-02-01 06:00:00+00:00,38693.275,42479.165,55001.475,54300.0,41372.6,38429.17,0,0.0
2022-02-02 06:00:00+00:00,38376.36,42479.165,55001.475,54300.0,39016.63,37019.84,0,0.0
2022-02-03 06:00:00+00:00,38376.36,42479.165,53771.0475,54300.0,39498.25,37566.75,0,0.0
2022-02-04 06:00:00+00:00,38222.66,42479.165,53660.8025,54300.0,38032.66,41557.54,0,0.0
2022-02-05 06:00:00+00:00,38222.66,42479.165,53434.0,54300.0,38351.63,41610.64,0,0.0
2022-02-06 06:00:00+00:00,38222.66,42479.165,53434.0,54300.0,41524.73,42835.99,0,0.0
2022-02-07 06:00:00+00:00,38984.165,42479.165,53434.0,54300.0,39221.18,44916.93,0,0.0
2022-02-08 06:00:00+00:00,39226.285,42479.165,53434.0,54300.0,38783.79,43624.5,0,0.0
2022-02-09 06:00:00+00:00,39226.285,42479.165,53277.9975,54300.0,39178.11,43917.95,0,0.0
2022-02-10 06:00:00+00:00,39394.165,42479.165,53277.9975,54300.0,39128.83,42865.92,0,0.0
2022-02-11 06:00:00+00:00,39394.165,42479.165,53277.9975,54300.0,38535.33,42296.23,0,0.0
2022-02-12 06:00:00+00:00,39394.165,42479.165,53277.9975,54300.0,38794.04,42293.1,0,0.0
2022-02-13 06:00:00+00:00,40690.68,42479.165,53228.9425,54300.0,39130.3,41788.17,0,0.0
2022-02-14 06:00:00+00:00,40690.68,42479.165,53228.9425,54300.0,41364.35,43601.75,0,0.0
2022-02-15 06:00:00+00:00,40690.68,42479.165,53228.9425,54300.0,40646.56,44081.12,0,0.0
2022-02-16 06:00:00+00:00,41008.740000000005,42479.165,53228.9425,54300.0,41824.46,43640.93,0,0.0
2022-02-17 06:00:00+00:00,41057.005000000005,42479.165,53228.9425,54300.0,41875.48,40660.6,0,0.0
2022-02-18 06:00:00+00:00,41057.005000000005,42479.165,53196.21,54300.0,40882.31,40266.68,0,0.0
2022-02-19 06:00:00+00:00,41057.005000000005,42479.165,52831.8575,54300.0,43001.23,39367.29,0,0.0
2022-02-20 06:00:00+00:00,41057.005000000005,42479.165,52831.8575,54300.0,41963.89,39248.58,0,0.0
2022-02-21 06:00:00+00:00,41057.005000000005,42479.165,52209.755,54300.0,42932.39,36751.36,0,0.0
2022-02-22 06:00:00+00:00,41057.005000000005,42479.165,52209.755,54300.0,44116.67,37996.82,0,0.0
2022-02-23 06:00:00+00:00,40088.5,42479.165,52209.755,54300.0,44433.32,34644.77,0,0.0
2022-02-24 06:00:00+00:00,40088.5,42479.165,52209.755,54300.0,44601.24,38467.77,0,0.0
2022-02-25 06:00:00+00:00,40088.5,41200.61,52217.255,54300.0,47148.98,39032.1,0,0.0
2022-02-26 06:00:00+00:00,40088.5,40754.015,52217.255,54300.0,47624.51,38613.89,0,0.0
2022-02-27 06:00:00+00:00,40088.5,40754.015,52217.255,54300.0,47255.62,37845.82,0,0.0
2022-02-28 06:00:00+00:00,40088.5,40754.015,52217.255,54300.0,47031.64,43223.71,0,0.0
2022-03-01 06:00:00+00:00,40088.5,40446.725000000006,52217.255,54300.0,44655.76,44303.03,0,0.0
2022-03-02 06:00:00+00:00,39874.225,40446.725000000006,52217.255,54300.0,46548.53,43341.39,0,0.0
2022-03-03 06:00:00+00:00,39874.225,40258.33,52217.255,54300.0,46388.1,41372.6,0,0.0
2022-03-04 06:00:00+00:00,39874.225,40233.11,52217.255,54300.0,46093.42,39016.63,0,0.0
2022-03-05 06:00:00+00:00,39874.225,40004.94,52217.255,54300.0,46773.34,39498.25,0,0.0
2022-03-06 06:00:00+00:00,39874.225,39394.165,51464.5,54300.0,45344.2,38032.66,0,0.0
2022-03-07 06:00:00+00:00,39874.225,39394.165,50756.25,54300.0,43387.65,38351.63,0,0.0
2022-03-08 06:00:00+00:00,39874.225,39394.165,50542.015,54300.0,43550.51,41524.73,0,0.0
2022-03-09 06:00:00+00:00,39874.225,39394.165,50508.9,54300.0,42407.04,39221.18,0,0.0
2022-03-10 06:00:00+00:00,39874.225,39394.165,49843.875,54300.0,42756.48,38783.79,0,0.0
2022-03-11 06:00:00+00:00,39874.225,39394.165,49466.225,54300.0,42267.81,39178.11,0,0.0
2022-03-12 06:00:00+00:00,39874.225,39394.165,49466.225,54300.0,39929.2,39128.83,0,0.0
2022-03-13 06:00:00+00:00,39874.225,39394.165,49466.225,54300.0,40140.57,38535.33,0,0.0
2022-03-14 05:00:00+00:00,39874.225,39394.165,49466.225,54300.0,41298.77,38794.04,0,0.0
2022-03-15 05:00:00+00:00,39891.774999999994,39394.165,48235.7975,54300.0,40113.5,39130.3,0,0.0
2022-03-16 05:00:00+00:00,41223.225,39394.165,48125.5525,54300.0,40545.39,41364.35,0,0.0
2022-03-17 05:00:00+00:00,41223.225,39394.165,47259.4725,54300.0,40299.6,40646.56,0,0.0
2022-03-18 05:00:00+00:00,41223.225,39394.165,47036.175,54300.0,38839.1,41824.46,0,0.0
2022-03-19 05:00:00+00:00,41294.16499999999,39394.165,47036.175,54300.0,40868.59,41875.48,0,0.0
2022-03-20 05:00:00+00:00,41294.16499999999,39394.165,47036.175,54375.0,41363.69,40882.31,0,0.0
2022-03-21 05:00:00+00:00,41294.16499999999,39394.165,45972.6475,53621.119999999995,41615.65,43001.23,0,0.0
2022-03-22 05:00:00+00:00,40629.16499999999,39394.165,44562.5275,52211.0,40634.95,41963.89,0,0.0
2022-03-23 05:00:00+00:00,40275.835,39394.165,43766.11,51508.78,39542.76,42932.39,0,0.0
2022-03-24 05:00:00+00:00,40775.94,39394.165,43753.5,51508.78,39721.32,44116.67,1,1.0
2022-03-25 05:00:00+00:00,41146.395000000004,40088.5,43048.245,50966.665,39160.56,44433.32,1,0.0
2022-03-26 05:00:00+00:00,41146.395000000004,40088.5,42392.412500000006,50966.665,40568.09,44601.24,1,0.0
2022-03-27 05:00:00+00:00,42627.2,41008.0,42392.412500000006,50966.665,38408.14,47148.98,1,0.0
2022-03-28 05:00:00+00:00,42900.2,41281.0,42392.412500000006,50966.665,39397.55,47624.51,1,0.0
2022-03-29 05:00:00+00:00,42900.2,41281.0,42392.412500000006,50966.665,39532.21,47255.62,1,0.0
2022-03-30 05:00:00+00:00,42900.2,41281.0,42359.68,50966.665,38564.33,47031.64,1,0.0
2022-03-31 05:00:00+00:00,42900.2,41281.0,41995.3275,50966.665,37963.72,44655.76,1,0.0
2022-04-01 05:00:00+00:00,42900.2,41281.0,41995.3275,50966.665,38973.42,46548.53,1,0.0
2022-04-02 05:00:00+00:00,43187.5,41281.0,40586.22,50966.665,38491.16,46388.1,1,0.0
2022-04-03 05:00:00+00:00,43187.5,41281.0,40427.7625,50966.665,37976.48,46093.42,1,0.0
2022-04-04 05:00:00+00:00,43614.33,41281.0,40427.7625,50966.665,39728.88,46773.34,1,0.0
2022-04-05 05:00:00+00:00,44185.0,41281.0,40350.912500000006,50966.665,36414.66,45344.2,1,0.0
2022-04-06 05:00:00+00:00,44185.0,41281.0,40350.912500000006,50966.665,35760.77,43387.65,1,0.0
2022-04-07 05:00:00+00:00,44374.5,41281.0,40350.912500000006,50966.665,34390.1,43550.51,1,0.0
2022-04-08 05:00:00+00:00,44374.5,41281.0,40731.665,50966.665,33632.87,42407.04,1,0.0
2022-04-09 05:00:00+00:00,44495.035,41281.0,40852.725000000006,50966.665,31218.89,42756.48,1,0.0
2022-04-10 05:00:00+00:00,45003.395000000004,41281.0,40852.725000000006,50966.665,31208.8,42267.81,1,0.0
2022-04-11 05:00:00+00:00,43722.295,41281.0,40936.665,50966.665,27637.89,39929.2,0,-1.0
2022-04-12 05:00:00+00:00,43722.295,41281.0,40936.665,50966.665,30381.88,40140.57,0,0.0
2022-04-13 05:00:00+00:00,43722.295,41281.0,40936.665,50966.665,29295.21,41298.77,1,1.0
2022-04-14 05:00:00+00:00,43722.295,41281.0,41584.9225,50966.665,29570.86,40113.5,0,-1.0
2022-04-15 05:00:00+00:00,43722.295,41281.0,41584.9225,50966.665,30297.95,40545.39,0,0.0
2022-04-16 05:00:00+00:00,43722.295,41281.0,41584.9225,50966.665,30340.56,40299.6,0,0.0
2022-04-17 05:00:00+00:00,43416.729999999996,41281.0,41743.9525,50966.665,29793.52,38839.1,0,0.0
2022-04-18 05:00:00+00:00,43133.505000000005,41281.0,41768.08500000001,50966.665,29053.01,40868.59,0,0.0
2022-04-19 05:00:00+00:00,43087.045,41281.0,41768.08500000001,50966.665,30059.74,41363.69,0,0.0
2022-04-20 05:00:00+00:00,43009.7,41281.0,41768.08500000001,50966.665,29218.29,41615.65,0,0.0
2022-04-21 05:00:00+00:00,43009.7,41281.0,41768.08500000001,50966.665,29245.9,40634.95,0,0.0
2022-04-22 05:00:00+00:00,43009.7,41281.0,41768.08500000001,50966.665,30095.11,39542.76,0,0.0
2022-04-23 05:00:00+00:00,42875.0,41281.0,41768.08500000001,50966.665,29322.98,39721.32,0,0.0
2022-04-24 05:00:00+00:00,42875.0,41298.55,41283.832500000004,50966.665,30069.27,39160.56,0,0.0
2022-04-25 05:00:00+00:00,41865.119999999995,42630.0,41283.832500000004,50966.665,29733.94,40568.09,0,0.0
2022-04-26 05:00:00+00:00,40850.0,42630.0,40644.555,50966.665,28890.69,38408.14,0,0.0
2022-04-27 05:00:00+00:00,40850.0,42630.0,40421.2575,50966.665,28576.21,39397.55,0,0.0
2022-04-28 05:00:00+00:00,40571.66,42700.94,40421.2575,50966.665,28918.74,39532.21,0,0.0
2022-04-29 05:00:00+00:00,40571.66,42700.94,40421.2575,50966.665,30305.77,38564.33,0,0.0
2022-04-30 05:00:00+00:00,40255.235,42700.94,40267.6125,50966.665,31674.61,37963.72,0,0.0
2022-05-01 05:00:00+00:00,40255.235,42700.94,40160.475000000006,50966.665,31538.51,38973.42,0,0.0
2022-05-02 05:00:00+00:00,40255.235,42700.94,40066.2775,50966.665,29789.89,38491.16,0,0.0
2022-05-03 05:00:00+00:00,40255.235,42700.94,40053.667499999996,50966.665,30399.27,37976.48,0,0.0
2022-05-04 05:00:00+00:00,40255.235,42700.94,39939.582500000004,50966.665,29688.59,39728.88,0,0.0
2022-05-05 05:00:00+00:00,39338.735,41904.0,39634.195,50966.665,29711.02,36414.66,0,0.0
2022-05-06 05:00:00+00:00,39182.435,41747.7,39634.195,50966.665,31194.94,35760.77,0,0.0
2022-05-07 05:00:00+00:00,38655.235,41220.5,39634.195,50966.665,29519.9,34390.1,0,0.0
2022-05-08 05:00:00+00:00,38182.735,40748.0,39634.195,50966.665,30218.79,33632.87,0,0.0
2022-05-09 05:00:00+00:00,36422.26,38987.525,39634.195,49636.615,30249.35,31218.89,0,0.0
2022-05-10 05:00:00+00:00,36422.26,38987.525,39634.195,49636.615,30063.63,31208.8,0,0.0
2022-05-11 05:00:00+00:00,33908.58,37620.0,39634.195,49636.615,29358.44,27637.89,0,0.0
2022-05-12 05:00:00+00:00,33077.845,36789.265,39634.195,49636.615,27397.91,30381.88,0,0.0
2022-05-13 05:00:00+00:00,33077.845,36789.265,39634.195,49636.615,25366.99,29295.21,0,0.0
2022-05-14 05:00:00+00:00,33077.845,36789.265,39642.97,47175.76,21937.32,29570.86,0,0.0
2022-05-15 05:00:00+00:00,33077.845,36789.265,40308.695,46955.270000000004,21125.82,30297.95,0,0.0
2022-05-16 05:00:00+00:00,32869.265,36789.265,40308.695,46501.665,22072.04,30340.56,0,0.0
2022-05-17 05:00:00+00:00,32869.265,36789.265,40308.695,46501.665,20510.76,29793.52,0,0.0
2022-05-18 05:00:00+00:00,32688.399999999998,36789.265,40344.16499999999,46501.665,20455.24,29053.01,0,0.0
2022-05-19 05:00:00+00:00,32688.399999999998,36789.265,40344.16499999999,46501.665,18486.41,30059.74,0,0.0
2022-05-20 05:00:00+00:00,32688.399999999998,36789.265,40344.16499999999,46189.66,19831.43,29218.29,0,0.0
2022-05-21 05:00:00+00:00,32688.399999999998,36789.265,40011.66499999999,46189.66,20630.74,29245.9,0,0.0
2022-05-22 05:00:00+00:00,32688.399999999998,36789.265,39835.0,46189.66,20412.49,30095.11,0,0.0
2022-05-23 05:00:00+00:00,32688.399999999998,36789.265,40085.052500000005,46189.66,20340.42,29322.98,0,0.0
2022-05-24 05:00:00+00:00,32586.704999999998,36789.265,40617.4475,46091.55,21035.26,30069.27,0,0.0
2022-05-25 05:00:00+00:00,30936.325,36789.265,40617.4475,46091.55,21219.79,29733.94,0,0.0
2022-05-26 05:00:00+00:00,30731.765,36789.265,41817.6,46091.55,21413.5,28890.69,0,0.0
2022-05-27 05:00:00+00:00,30138.47,36731.735,42090.6,46091.55,21238.56,28576.21,0,0.0
2022-05-28 05:00:00+00:00,29550.175,36527.770000000004,42090.6,46091.55,20750.48,28918.74,0,0.0
2022-05-29 05:00:00+00:00,28992.010000000002,36481.31,42090.6,46026.085,20280.74,30305.77,0,0.0
2022-05-30 05:00:00+00:00,28785.345,36403.965,42090.6,45297.380000000005,20025.96,31674.61,0,0.0
2022-05-31 05:00:00+00:00,28861.245,36403.965,42090.6,45297.380000000005,19372.13,31538.51,0,0.0
2022-06-01 05:00:00+00:00,30191.98,36403.965,42234.25,42479.165,19167.82,29789.89,0,0.0
2022-06-02 05:00:00+00:00,30191.98,36269.265,42234.25,42479.165,19222.3,30399.27,0,0.0
2022-06-03 05:00:00+00:00,30191.98,36269.265,42447.665,42479.165,19100.05,29688.59,0,0.0
2022-06-04 05:00:00+00:00,30191.98,35429.265,42733.0,42479.165,20249.87,29711.02,0,0.0
2022-06-05 05:00:00+00:00,30191.98,34669.265,42733.0,42479.165,20076.82,31194.94,0,0.0
2022-06-06 05:00:00+00:00,30191.98,34669.265,42827.75,42479.165,20400.28,29519.9,0,0.0
2022-06-07 05:00:00+00:00,30191.98,34390.925,42827.75,42479.165,21974.74,30218.79,0,0.0
2022-06-08 05:00:00+00:00,30191.98,34390.925,42888.0175,42479.165,21541.56,30249.35,0,0.0
2022-06-09 05:00:00+00:00,30191.98,34224.0,43142.1975,42479.165,21265.9,30063.63,0,0.0
2022-06-10 05:00:00+00:00,30191.98,34224.0,42501.6475,42479.165,20514.2,29358.44,0,0.0
2022-06-11 05:00:00+00:00,29813.364999999998,34224.0,42501.6475,42479.165,19983.65,27397.91,0,0.0
2022-06-12 05:00:00+00:00,28636.42,33999.175,42501.6475,42479.165,19463.76,25366.99,0,0.0
2022-06-13 05:00:00+00:00,26600.18,31962.935,42501.6475,42479.165,20067.81,21937.32,0,0.0
2022-06-14 05:00:00+00:00,26600.18,31962.935,42501.6475,42479.165,20529.84,21125.82,0,0.0
2022-06-15 05:00:00+00:00,26227.48,31590.235,42501.6475,42479.165,20742.7,22072.04,0,0.0
2022-06-16 05:00:00+00:00,26227.48,31590.235,42348.865,42479.165,21254.45,20510.76,0,0.0
2022-06-17 05:00:00+00:00,26227.48,31590.235,42207.2525,42479.165,21294.83,20455.24,0,0.0
2022-06-18 05:00:00+00:00,24975.705,30338.46,42184.0225,42479.165,21892.11,18486.41,0,0.0
2022-06-19 05:00:00+00:00,24975.705,30338.46,42145.35,42479.165,23393.07,19831.43,0,0.0
2022-06-20 05:00:00+00:00,24727.725,29192.305,42145.35,42479.165,22882.93,20630.74,0,0.0
2022-06-21 05:00:00+00:00,24656.225,29192.305,42145.35,42479.165,22969.43,20412.49,0,0.0
2022-06-22 05:00:00+00:00,24656.225,29192.305,42078.0,42479.165,22899.21,20340.42,0,0.0
2022-06-23 05:00:00+00:00,24656.225,29192.305,42086.775,42479.165,22399.03,21035.26,0,0.0
2022-06-24 05:00:00+00:00,24656.225,29192.305,42247.56,42479.165,21894.8,21219.79,0,0.0
2022-06-25 05:00:00+00:00,24656.225,28983.725,41740.0,41200.61,21128.72,21413.5,0,0.0
2022-06-26 05:00:00+00:00,24558.33,28983.725,41740.0,40754.015,21111.84,21238.56,0,0.0
2022-06-27 05:00:00+00:00,24220.1,28802.86,41636.3,40754.015,23067.78,20750.48,0,0.0
2022-06-28 05:00:00+00:00,24123.585,28802.86,41636.3,40754.015,24018.36,20280.74,0,0.0
2022-06-29 05:00:00+00:00,23890.58,28802.86,41478.0875,40586.665,23749.6,20025.96,0,0.0
2022-06-30 05:00:00+00:00,23489.28,28802.86,41478.0875,40586.665,23811.21,19372.13,0,0.0
2022-07-01 05:00:00+00:00,22940.985,28802.86,41478.0875,40586.665,23402.26,19167.82,0,0.0
2022-07-02 05:00:00+00:00,21694.775,28802.86,41478.0875,40586.665,22870.47,19222.3,0,0.0
2022-07-03 05:00:00+00:00,20433.335,28701.165,41478.0875,40586.665,22836.98,19100.05,0,0.0
2022-07-04 05:00:00+00:00,20270.775,27050.785000000003,40621.3675,40586.665,23087.18,20249.87,0,0.0
2022-07-05 05:00:00+00:00,19867.550000000003,26846.225,40465.0675,40586.665,23157.29,20076.82,0,0.0
2022-07-06 05:00:00+00:00,19716.725,26252.93,39937.8675,40586.665,23214.22,20400.28,0,0.0
2022-07-07 05:00:00+00:00,20028.995000000003,25664.635000000002,39465.3675,40586.665,22956.2,21974.74,0,0.0
2022-07-08 05:00:00+00:00,20212.4,25106.47,37704.8925,38987.525,23345.15,21541.56,0,0.0
2022-07-09 05:00:00+00:00,20546.77,24975.705,37704.8925,38987.525,23888.25,21265.9,0,0.0
2022-07-10 05:00:00+00:00,20546.77,24975.705,35764.29,37620.0,22946.53,20514.2,0,0.0
2022-07-11 05:00:00+00:00,20546.77,24975.705,34933.555,36789.265,24532.73,19983.65,0,0.0
2022-07-12 05:00:00+00:00,20546.77,24975.705,34933.555,36789.265,23945.18,19463.76,0,0.0
2022-07-13 05:00:00+00:00,20546.77,24975.705,34933.555,36789.265,24741.17,20067.81,0,0.0
2022-07-14 05:00:00+00:00,20546.77,24975.705,34933.555,36789.265,24578.11,20529.84,0,0.0
2022-07-15 05:00:00+00:00,20546.77,24975.705,34829.265,36789.265,24855.35,20742.7,0,0.0
2022-07-16 05:00:00+00:00,20546.77,24975.705,34829.265,36789.265,23962.71,21254.45,0,0.0
2022-07-17 05:00:00+00:00,20546.77,24975.705,34738.8325,36789.265,24069.75,21294.83,0,0.0
2022-07-18 05:00:00+00:00,20782.02,24975.705,34738.8325,36789.265,23379.04,21892.11,0,0.0
2022-07-19 05:00:00+00:00,21201.5,24975.705,34738.8325,36789.265,22787.49,23393.07,0,0.0
2022-07-20 05:00:00+00:00,21521.440000000002,24975.705,34738.8325,36789.265,21244.91,22882.93,0,0.0
2022-07-21 05:00:00+00:00,21521.440000000002,24975.705,34738.8325,36789.265,21200.14,22969.43,0,0.0
2022-07-22 05:00:00+00:00,21589.565000000002,24975.705,34738.8325,36789.265,21468.38,22899.21,0,0.0
2022-07-23 05:00:00+00:00,21589.565000000002,24975.705,34687.985,36789.265,21266.93,22399.03,0,0.0
2022-07-24 05:00:00+00:00,21589.565000000002,24975.705,33862.795,36789.265,21329.46,21894.8,0,0.0
2022-07-25 05:00:00+00:00,21589.565000000002,24975.705,33760.515,36789.265,21538.96,21128.72,0,0.0
2022-07-26 05:00:00+00:00,21589.565000000002,24975.705,33435.1025,36789.265,21531.39,21111.84,0,0.0
2022-07-27 05:00:00+00:00,21589.565000000002,24975.705,33038.9725,36789.265,20149.97,23067.78,0,0.0
2022-07-28 05:00:00+00:00,21589.565000000002,24975.705,32736.66,36789.265,19996.37,24018.36,0,0.0
2022-07-29 05:00:00+00:00,21671.0,24975.705,32594.655,36789.265,19803.85,23749.6,0,0.0
2022-07-30 05:00:00+00:00,21779.0,24727.725,32632.604999999996,36789.265,20467.02,23811.21,0,0.0
2022-07-31 05:00:00+00:00,21779.0,24656.225,33297.972499999996,36789.265,20340.26,23402.26,0,0.0
2022-08-01 05:00:00+00:00,21779.0,24656.225,33230.6225,36789.265,20054.87,22870.47,0,0.0
2022-08-02 05:00:00+00:00,22136.57,24656.225,33230.6225,36789.265,20158.96,22836.98,0,0.0
2022-08-03 05:00:00+00:00,22570.97,24656.225,32810.6225,36789.265,19928.43,23087.18,0,0.0
2022-08-04 05:00:00+00:00,22570.97,24656.225,32430.622499999998,36789.265,19805.09,23157.29,0,0.0
2022-08-05 05:00:00+00:00,22690.5,24558.33,32430.622499999998,36789.265,19888.95,23214.22,0,0.0
2022-08-06 05:00:00+00:00,22690.5,24220.1,32291.4525,36789.265,19762.45,22956.2,0,0.0
2022-08-07 05:00:00+00:00,22690.5,24123.585,32291.4525,36789.265,18723.42,23345.15,0,0.0
2022-08-08 05:00:00+00:00,22690.5,23890.58,32207.989999999998,36789.265,19353.02,23888.25,0,0.0
2022-08-09 05:00:00+00:00,22690.5,23489.28,32207.989999999998,36789.265,20363.07,22946.53,0,0.0
2022-08-10 05:00:00+00:00,22690.5,22940.985,32018.6825,36789.265,21467.91,24532.73,0,0.0
2022-08-11 05:00:00+00:00,22822.495000000003,21694.775,31317.7975,36564.44,21560.99,23945.18,0,0.0
2022-08-12 05:00:00+00:00,22822.495000000003,21248.72,29281.557500000003,34528.2,21720.02,24741.17,0,0.0
2022-08-13 05:00:00+00:00,22822.495000000003,21248.72,29281.557500000003,34528.2,22286.85,24578.11,0,0.0
2022-08-14 05:00:00+00:00,22964.785,21391.010000000002,28908.8575,34155.5,20390.44,24855.35,0,0.0
2022-08-15 05:00:00+00:00,23156.225,21391.010000000002,28908.8575,34155.5,20035.27,23962.71,0,0.0
2022-08-16 05:00:00+00:00,23803.725,21391.010000000002,28908.8575,34155.5,19820.62,24069.75,0,0.0
2022-08-17 05:00:00+00:00,23803.725,21574.415,27657.0825,32903.725,19937.22,23379.04,0,0.0
2022-08-18 05:00:00+00:00,23803.725,21908.785,27657.0825,32903.725,20012.02,22787.49,0,0.0
2022-08-19 05:00:00+00:00,22998.48,21908.785,26960.015,32903.725,18815.38,21244.91,0,0.0
2022-08-20 05:00:00+00:00,22987.75,21908.785,26924.265,32903.725,19335.22,21200.14,0,0.0
2022-08-21 05:00:00+00:00,22987.75,21908.785,26924.265,32903.725,19003.5,21468.38,0,0.0
2022-08-22 05:00:00+00:00,22987.75,21908.785,26924.265,32903.725,18705.98,21266.93,0,0.0
2022-08-23 05:00:00+00:00,22987.75,21908.785,26924.265,32903.725,19412.51,21329.46,0,0.0
2022-08-24 05:00:00+00:00,22987.75,21908.785,26819.975,32903.725,19164.36,21538.96,0,0.0
2022-08-25 05:00:00+00:00,22987.75,21908.785,26771.0275,32903.725,19010.56,21531.39,0,0.0
2022-08-26 05:00:00+00:00,22663.675,21908.785,26511.48,32903.725,18807.28,20149.97,0,0.0
2022-08-27 05:00:00+00:00,22507.285,21908.785,26463.2225,32903.725,20046.31,19996.37,0,0.0
2022-08-28 05:00:00+00:00,22364.155,21908.785,26346.72,32903.725,18764.28,19803.85,0,0.0
2022-08-29 05:00:00+00:00,22364.155,21985.16,26146.07,32903.725,19584.64,20467.02,0,0.0
2022-08-30 05:00:00+00:00,22364.155,21985.16,25871.9225,32903.725,19430.36,20340.26,0,0.0
2022-08-31 05:00:00+00:00,22364.155,22053.285,25248.8175,32903.725,19410.34,20054.87,0,0.0
2022-09-01 05:00:00+00:00,22364.155,22053.285,24567.25,32903.725,19335.71,20158.96,0,0.0
2022-09-02 05:00:00+00:00,22364.155,22053.285,23660.780000000002,32903.725,19095.67,19928.43,0,0.0
2022-09-03 05:00:00+00:00,22250.325,22053.285,23356.8875,32903.725,19597.15,19805.09,0,0.0
2022-09-04 05:00:00+00:00,21981.115,22053.285,22984.8275,32903.725,20126.71,19888.95,0,0.0
2022-09-05 05:00:00+00:00,21981.115,22053.285,22846.815000000002,32903.725,20358.79,19762.45,0,0.0
2022-09-06 05:00:00+00:00,21063.5,21870.785,22659.435,32903.725,19944.7,18723.42,0,0.0
2022-09-07 05:00:00+00:00,20681.265,21870.785,22761.237500000003,32903.725,19442.51,19353.02,0,0.0
2022-09-08 05:00:00+00:00,20226.0,21870.785,22761.237500000003,32903.725,19388.47,20363.07,0,0.0
2022-09-09 05:00:00+00:00,20226.0,21870.785,22761.237500000003,32903.725,19469.32,21467.91,0,0.0
2022-09-10 05:00:00+00:00,20226.0,21870.785,22761.237500000003,32903.725,19041.0,21560.99,0,0.0
2022-09-11 05:00:00+00:00,20442.64,21870.785,22761.237500000003,32903.725,19098.48,21720.02,0,0.0
2022-09-12 05:00:00+00:00,20508.525,21870.785,22761.237500000003,32903.725,19093.42,22286.85,0,0.0
2022-09-13 05:00:00+00:00,20663.5,21870.785,22761.237500000003,32903.725,19814.02,20390.44,0,0.0
2022-09-14 05:00:00+00:00,20663.5,21870.785,22761.237500000003,32903.725,19193.29,20035.27,0,0.0
2022-09-15 05:00:00+00:00,20663.5,21870.785,22761.237500000003,32903.725,19139.51,19820.62,0,0.0
2022-09-16 05:00:00+00:00,20663.5,21870.785,22878.862500000003,32903.725,19229.02,19937.22,0,0.0
2022-09-17 05:00:00+00:00,20663.5,21870.785,23088.6025,32903.725,19583.21,20012.02,0,0.0
2022-09-18 05:00:00+00:00,20663.5,21870.785,23248.572500000002,32903.725,19277.85,18815.38,0,0.0
2022-09-19 05:00:00+00:00,20527.5,21734.785,23248.572500000002,32903.725,19182.93,19335.22,0,0.0
2022-09-20 05:00:00+00:00,20527.5,21734.785,23282.635000000002,32903.725,19047.32,19003.5,0,0.0
2022-09-21 05:00:00+00:00,20476.565000000002,21683.85,23282.635000000002,32903.725,19149.91,18705.98,0,0.0
2022-09-22 05:00:00+00:00,20476.565000000002,21683.85,23282.635000000002,32903.725,19190.44,19412.51,0,0.0
2022-09-23 05:00:00+00:00,20476.565000000002,21683.85,23282.635000000002,32903.725,19337.61,19164.36,0,0.0
2022-09-24 05:00:00+00:00,20476.565000000002,21683.85,23282.635000000002,32846.195,19341.22,19010.56,0,0.0
2022-09-25 05:00:00+00:00,20476.565000000002,21683.85,23282.635000000002,32642.230000000003,20211.45,18807.28,0,0.0
2022-09-26 05:00:00+00:00,20476.565000000002,21683.85,23282.635000000002,32595.769999999997,20806.59,20046.31,0,0.0
2022-09-27 05:00:00+00:00,20476.565000000002,21683.85,23323.3525,32518.425000000003,20255.03,18764.28,0,0.0
2022-09-28 05:00:00+00:00,20476.565000000002,21683.85,23253.3625,32518.425000000003,20687.21,19584.64,0,0.0
2022-09-29 05:00:00+00:00,20476.565000000002,21683.85,23217.6125,32518.425000000003,20750.67,19430.36,0,0.0
2022-09-30 05:00:00+00:00,20476.565000000002,21683.85,23217.6125,32383.725,20567.42,19410.34,0,0.0
2022-10-01 05:00:00+00:00,20476.565000000002,21683.85,23396.3975,32383.725,20493.43,19335.71,0,0.0
2022-10-02 05:00:00+00:00,20476.565000000002,21683.85,23613.5975,31543.725,20516.88,19095.67,0,0.0
2022-10-03 05:00:00+00:00,19286.885000000002,21683.85,23613.5975,30783.725,20356.64,19597.15,0,0.0
2022-10-04 05:00:00+00:00,19316.28,21683.85,23624.415,30783.725,20329.31,20126.71,0,0.0
2022-10-05 05:00:00+00:00,19316.28,21683.85,23455.3,30505.385000000002,21367.17,20358.79,0,0.0
2022-10-06 05:00:00+00:00,19316.28,21683.85,23407.0425,30505.385000000002,21229.46,19944.7,0,0.0
2022-10-07 05:00:00+00:00,19316.28,21683.85,23290.54,30338.46,20857.53,19442.51,0,0.0
2022-10-08 05:00:00+00:00,19316.28,21683.85,23089.89,30338.46,19708.93,19388.47,0,0.0
2022-10-09 05:00:00+00:00,19316.28,21683.85,22815.7425,30338.46,18383.94,19469.32,0,0.0
2022-10-10 05:00:00+00:00,19316.28,21683.85,22258.635000000002,30338.46,16672.75,19041.0,0,0.0
2022-10-11 05:00:00+00:00,19483.215,21683.85,22035.607500000002,30338.46,17307.22,19098.48,0,0.0
2022-10-12 05:00:00+00:00,19483.215,21683.85,22035.607500000002,30338.46,16668.39,19093.42,0,0.0
2022-10-13 05:00:00+00:00,19305.215,21558.955,22177.8975,30338.46,16828.07,19814.02,0,0.0
2022-10-14 05:00:00+00:00,19305.215,21289.745000000003,22273.6175,30338.46,15837.22,19193.29,0,0.0
2022-10-15 05:00:00+00:00,19305.215,21289.745000000003,22597.3675,30338.46,16637.71,19139.51,0,0.0
2022-10-16 05:00:00+00:00,19305.215,20865.5,22689.07,30338.46,16906.61,19229.02,0,0.0
2022-10-17 05:00:00+00:00,19305.215,20483.265,22856.254999999997,30338.46,16563.33,19583.21,0,0.0
2022-10-18 05:00:00+00:00,19305.215,20465.5,22453.6325,29192.305,16792.43,19277.85,0,0.0
2022-10-19 05:00:00+00:00,19305.215,20465.5,22448.2675,29192.305,16576.52,19182.93,0,0.0
2022-10-20 05:00:00+00:00,19305.215,20465.5,22448.2675,29192.305,16666.49,19047.32,0,0.0
2022-10-21 05:00:00+00:00,19305.215,20465.5,22448.2675,29192.305,16199.03,19149.91,0,0.0
2022-10-22 05:00:00+00:00,19305.215,20465.5,22448.2675,29192.305,15781.42,19190.44,0,0.0
2022-10-23 05:00:00+00:00,19305.215,20465.5,22448.2675,28983.725,16444.83,19337.61,0,0.0
2022-10-24 05:00:00+00:00,19293.395,20465.5,22448.2675,28983.725,16642.36,19341.22,0,0.0
2022-10-25 05:00:00+00:00,19275.940000000002,20465.5,22286.23,28802.86,16348.83,20211.45,0,0.0
2022-10-26 05:00:00+00:00,19576.905,20465.5,22208.035,28802.86,16616.09,20806.59,0,0.0
2022-10-27 05:00:00+00:00,19576.905,20465.5,22136.47,28802.86,16528.55,20255.03,0,0.0
2022-10-28 05:00:00+00:00,19576.905,20465.5,22174.6575,28802.86,16151.13,20687.21,0,0.0
2022-10-29 05:00:00+00:00,19605.5,20465.5,22174.6575,28802.86,16477.56,20750.67,0,0.0
2022-10-30 05:00:00+00:00,19605.5,20465.5,22208.72,28802.86,16859.83,20567.42,0,0.0
2022-10-31 05:00:00+00:00,19605.5,20465.5,22208.72,28701.165,17111.38,20493.43,0,0.0
2022-11-01 05:00:00+00:00,19605.5,20465.5,22208.72,27050.785000000003,16937.82,20516.88,0,0.0
2022-11-02 05:00:00+00:00,19869.5,20465.5,22151.805,26846.225,17018.76,20356.64,0,0.0
2022-11-03 05:00:00+00:00,19869.5,20465.5,22017.2,26252.93,17017.87,20329.31,0,0.0
2022-11-04 05:00:00+00:00,20068.9,20465.5,22017.2,25664.635000000002,17344.95,21367.17,0,0.0
2022-11-05 05:00:00+00:00,20068.9,20465.5,21467.1425,25106.47,16977.46,21229.46,0,0.0
2022-11-06 05:00:00+00:00,20068.9,20465.5,21276.025,24975.705,17005.47,20857.53,0,0.0
2022-11-07 06:00:00+00:00,20068.9,20465.5,21048.3925,24975.705,16819.97,19708.93,0,0.0
2022-11-08 06:00:00+00:00,19489.4,20150.0,21048.3925,24975.705,17218.96,18383.94,0,0.0
2022-11-09 06:00:00+00:00,18495.4,19156.0,21048.3925,24975.705,17133.97,16672.75,0,0.0
2022-11-10 06:00:00+00:00,18495.4,19156.0,21156.7125,24975.705,17176.67,17307.22,0,0.0
2022-11-11 06:00:00+00:00,18495.4,19156.0,21189.655,24975.705,16946.4,16668.39,0,0.0
2022-11-12 06:00:00+00:00,18495.4,18495.4,21267.1425,24975.705,17190.67,16828.07,0,0.0
2022-11-13 06:00:00+00:00,18495.4,18495.4,21267.1425,24975.705,17782.95,15837.22,0,0.0
2022-11-14 06:00:00+00:00,18495.4,18495.4,21267.1425,24975.705,17715.14,16637.71,0,0.0
2022-11-15 06:00:00+00:00,18495.4,18495.4,21267.1425,24975.705,17410.89,16906.61,0,0.0
2022-11-16 06:00:00+00:00,18495.4,18495.4,21267.1425,24975.705,16695.64,16563.33,0,0.0
2022-11-17 06:00:00+00:00,18495.4,18495.4,21267.1425,24975.705,16742.66,16792.43,0,0.0
2022-11-18 06:00:00+00:00,18495.4,18495.4,21131.1425,24975.705,16709.87,16576.52,0,0.0
2022-11-19 06:00:00+00:00,18495.4,18495.4,21131.1425,24975.705,16789.45,16666.49,0,0.0
2022-11-20 06:00:00+00:00,18495.4,18495.4,21080.2075,24975.705,16834.36,16199.03,0,0.0
2022-11-21 06:00:00+00:00,18469.4,18469.4,21080.2075,24975.705,16824.5,15781.42,0,0.0
2022-11-22 06:00:00+00:00,18469.4,18469.4,21080.2075,24975.705,16820.12,16444.83,0,0.0
2022-11-23 06:00:00+00:00,18469.4,18469.4,21080.2075,24975.705,16821.89,16642.36,0,0.0
2022-11-24 06:00:00+00:00,18453.05,18469.4,21080.2075,24975.705,16830.33,16348.83,0,0.0
2022-11-25 06:00:00+00:00,18385.98,18469.4,21080.2075,24975.705,16850.44,16616.09,0,0.0
2022-11-26 06:00:00+00:00,18183.9,18469.4,21080.2075,24975.705,16868.74,16528.55,0,0.0
2022-11-27 06:00:00+00:00,18066.22,18469.4,21080.2075,24727.725,16600.76,16151.13,0,0.0
2022-11-28 06:00:00+00:00,16952.275,18469.4,21080.2075,24656.225,16567.46,16477.56,0,0.0
2022-11-29 06:00:00+00:00,16800.309999999998,18469.4,21080.2075,24656.225,16547.68,16859.83,0,0.0
2022-11-30 06:00:00+00:00,16484.735,18469.4,21080.2075,24656.225,16531.53,17111.38,0,0.0
2022-12-01 06:00:00+00:00,16388.9,18469.4,21080.2075,24656.225,16521.08,16937.82,0,0.0
2022-12-02 06:00:00+00:00,16388.9,18469.4,20485.3675,24656.225,16640.34,17018.76,0,0.0
2022-12-03 06:00:00+00:00,16388.9,18469.4,20500.065,24558.33,16719.73,17017.87,0,0.0
2022-12-04 06:00:00+00:00,16442.295,18469.4,20500.065,24220.1,16852.22,17344.95,0,0.0
2022-12-05 06:00:00+00:00,16442.295,18469.4,20500.065,24123.585,16841.75,16977.46,0,0.0
2022-12-06 06:00:00+00:00,16442.295,18469.4,20500.065,23890.58,16805.17,17005.47,0,0.0
2022-12-07 06:00:00+00:00,16442.295,18469.4,20500.065,23489.28,16930.87,16819.97,0,0.0
2022-12-08 06:00:00+00:00,16442.295,18469.4,20500.065,22940.985,16942.37,17218.96,0,0.0
2022-12-09 06:00:00+00:00,16442.295,18469.4,20500.065,21694.775,17205.03,17133.97,0,0.0
2022-12-10 06:00:00+00:00,16442.295,18469.4,20583.5325,21391.010000000002,17225.92,17176.67,0,0.0
2022-12-11 06:00:00+00:00,16510.405,18469.4,20583.5325,21391.010000000002,17409.6,16946.4,0,0.0
2022-12-12 06:00:00+00:00,16708.614999999998,18469.4,20432.085,21391.010000000002,18085.57,17190.67,0,0.0
2022-12-13 06:00:00+00:00,16996.315000000002,18469.4,20297.480000000003,21391.010000000002,18790.58,17782.95,0,0.0
2022-12-14 06:00:00+00:00,17189.0,18469.4,20297.480000000003,21391.010000000002,20843.55,17715.14,0,0.0
2022-12-15 06:00:00+00:00,17189.0,18469.4,20085.3575,21574.415,20752.7,17410.89,0,0.0
2022-12-16 06:00:00+00:00,17189.0,18469.4,19894.239999999998,21672.785,21198.17,16695.64,0,0.0
2022-12-17 06:00:00+00:00,17189.0,18469.4,19885.3575,21672.785,21151.25,16742.66,0,0.0
2022-12-18 06:00:00+00:00,17352.690000000002,18469.4,19885.3575,21672.785,21312.81,16709.87,0,0.0
2022-12-19 06:00:00+00:00,17329.38,18469.4,19885.3575,21672.785,20812.48,16789.45,0,0.0
2022-12-20 06:00:00+00:00,17329.38,18469.4,19885.3575,21672.785,20984.41,16834.36,0,0.0
2022-12-21 06:00:00+00:00,17329.38,18469.4,19885.3575,21672.785,22577.49,16824.5,0,0.0
2022-12-22 06:00:00+00:00,17329.38,18469.4,19885.3575,21672.785,22880.78,16820.12,0,0.0
2022-12-23 06:00:00+00:00,17329.38,18469.4,19879.447500000002,21672.785,22727.69,16821.89,0,0.0
2022-12-24 06:00:00+00:00,17329.38,18469.4,19870.72,21672.785,23124.5,16830.33,0,0.0
2022-12-25 06:00:00+00:00,17329.38,18469.4,20021.2025,21672.785,22676.47,16850.44,0,0.0
2022-12-26 06:00:00+00:00,17329.38,18469.4,20021.2025,21672.785,23151.97,16868.74,0,0.0
2022-12-27 06:00:00+00:00,17329.38,18469.4,20021.2025,21672.785,23041.2,16600.76,0,0.0
2022-12-28 06:00:00+00:00,17329.38,18469.4,20035.5,21672.785,23073.15,16567.46,0,0.0
2022-12-29 06:00:00+00:00,17329.38,18469.4,20035.5,21672.785,23255.18,16547.68,0,0.0
2022-12-30 06:00:00+00:00,17329.38,18469.4,20035.5,21672.785,23732.02,16531.53,0,0.0
2022-12-31 06:00:00+00:00,17329.38,18469.4,20035.5,21672.785,22756.15,16521.08,0,0.0
2023-01-01 06:00:00+00:00,17329.38,18469.4,20167.5,21672.785,23122.07,16640.34,0,0.0
2023-01-02 06:00:00+00:00,17329.38,18469.4,20167.5,21672.785,23809.86,16719.73,0,0.0
2023-01-03 06:00:00+00:00,17011.475,18453.05,20267.2,21672.785,23527.78,16852.22,0,0.0
2023-01-04 06:00:00+00:00,16899.2,18385.98,20267.2,21672.785,23314.93,16841.75,0,0.0
2023-01-05 06:00:00+00:00,16667.13,18183.9,20267.2,21672.785,23382.81,16805.17,0,0.0
2023-01-06 06:00:00+00:00,16667.13,18066.22,20267.2,21672.785,22781.9,16930.87,0,0.0
2023-01-07 06:00:00+00:00,16667.13,16952.275,19819.7,21357.285,22840.0,16942.37,0,0.0
2023-01-08 06:00:00+00:00,16790.58,16922.68,18825.7,20363.285,,17205.03,0,0.0
2023-01-09 06:00:00+00:00,16861.205,16922.68,18825.7,20363.285,,17225.92,0,0.0
2023-01-10 06:00:00+00:00,16918.225,16922.68,18825.7,20363.285,,17409.6,0,0.0
2023-01-11 06:00:00+00:00,17350.92,16922.68,18495.4,20363.285,,18085.57,0,0.0
2023-01-12 06:00:00+00:00,17721.004999999997,17287.925,18495.4,20363.285,,18790.58,1,1.0
2023-01-13 06:00:00+00:00,18824.07,18390.989999999998,18495.4,20363.285,,20843.55,1,0.0
2023-01-14 06:00:00+00:00,18824.07,18390.989999999998,18495.4,20363.285,,20752.7,1,0.0
2023-01-15 06:00:00+00:00,18881.59,18448.510000000002,18495.4,20363.285,,21198.17,1,0.0
2023-01-16 06:00:00+00:00,18895.89,18462.809999999998,18495.4,20363.285,,21151.25,1,0.0
2023-01-17 06:00:00+00:00,18960.58,18527.5,18495.4,20363.285,,21312.81,1,0.0
2023-01-18 06:00:00+00:00,18988.184999999998,18555.105,18495.4,20363.285,,20812.48,1,0.0
2023-01-19 06:00:00+00:00,19056.35,18555.105,18495.4,20363.285,,20984.41,1,0.0
2023-01-20 06:00:00+00:00,19645.5,19198.61,18469.4,20337.285,,22577.49,1,0.0
2023-01-21 06:00:00+00:00,19987.8,19684.12,18469.4,20337.285,,22880.78,1,0.0
2023-01-22 06:00:00+00:00,19987.8,19684.12,18469.4,20337.285,,22727.69,1,0.0
2023-01-23 06:00:00+00:00,20023.21,19684.12,18461.225,20337.285,,23124.5,1,0.0
2023-01-24 06:00:00+00:00,20023.21,19684.12,18427.690000000002,20337.285,,22676.47,1,0.0
2023-01-25 06:00:00+00:00,20247.739999999998,19908.65,18326.65,20337.285,,23151.97,1,0.0
2023-01-26 06:00:00+00:00,20364.120000000003,19908.65,18267.81,20337.285,,23041.2,1,0.0
2023-01-27 06:00:00+00:00,20369.629999999997,20049.03,17710.8375,20337.285,,23073.15,1,0.0
2023-01-28 06:00:00+00:00,20476.665,20049.03,17634.855,20337.285,,23255.18,1,0.0
2023-01-29 06:00:00+00:00,20576.305,20119.7,17477.0675,20337.285,,23732.02,1,0.0
2023-01-30 06:00:00+00:00,20640.54,20119.7,17429.15,20337.285,,22756.15,1,0.0
2023-01-31 06:00:00+00:00,20946.68,20119.7,17429.15,20337.285,,23122.07,1,0.0
2023-02-01 06:00:00+00:00,21523.265,20267.79,17429.15,20337.285,,23809.86,1,0.0
2023-02-02 06:00:00+00:00,22247.755,20267.79,17455.8475,20337.285,,23527.78,1,0.0
2023-02-03 06:00:00+00:00,22316.095,20267.79,17455.8475,20337.285,,23314.93,1,0.0
2023-02-04 06:00:00+00:00,22316.095,20267.79,17455.8475,20337.285,,23382.81,1,0.0
2023-02-05 06:00:00+00:00,22316.095,20267.79,17455.8475,20337.285,,22781.9,1,0.0
2023-02-06 06:00:00+00:00,22316.095,20267.79,17455.8475,20337.285,,22840.0,1,0.0
